"t","x","y","z","a"
6.508312700E-2,1.180237234E-1,-5.000990629E-2,3.016996384E-1,3.278006434E-1
7.000416800E-2,-8.439153433E-3,-2.620199323E-2,1.524066925E-1,1.548727338E-1
7.493604300E-2,-8.568206429E-2,3.981056809E-2,9.145259857E-2,1.314909703E-1
7.988073100E-2,-1.229898185E-1,1.191821694E-1,3.583717346E-2,1.749719633E-1
8.483958500E-2,-1.097962111E-1,1.227898598E-1,-5.116176605E-2,1.724821265E-1
8.981338700E-2,-5.355298519E-2,6.898084283E-2,-1.370954514E-1,1.625467369E-1
9.480224100E-2,-1.487475634E-2,1.025468111E-2,-1.688928604E-1,1.698564546E-1
9.980567900E-2,-1.042658091E-2,3.193524480E-2,-1.093482971E-1,1.143924103E-1
1.048226580E-1,-2.040207386E-3,2.996081114E-2,-4.896163940E-2,5.743739882E-2
1.098516160E-1,1.259922981E-3,4.189133644E-2,-1.004981995E-2,4.309837997E-2
1.148905740E-1,4.552969337E-2,3.608882427E-3,-5.955886841E-2,7.505488536E-2
1.199372410E-1,1.335603893E-1,-5.083319545E-2,-7.494926453E-2,1.613684715E-1
1.249891160E-1,1.588254869E-1,-7.528975606E-2,-4.412078857E-2,1.812201055E-1
1.300435950E-1,2.022491992E-1,-1.125808209E-1,-1.016330719E-2,2.316947833E-1
1.350980740E-1,1.348232627E-1,-1.028969139E-1,-1.436424255E-2,1.702099248E-1
1.400908350E-1,5.707725883E-2,-7.104673982E-2,-4.601287842E-2,1.020913204E-1
1.450826580E-1,-3.823161125E-3,-4.984587431E-2,-6.270027161E-2,8.019072145E-2
1.500744810E-1,-5.846482515E-2,-2.499333024E-2,-5.578327179E-2,8.458472527E-2
1.550663040E-1,-6.576639414E-2,-3.784957528E-2,-1.685047150E-2,7.772867770E-2
1.600581270E-1,-2.716675401E-2,-7.338026166E-2,6.234264374E-2,1.000464920E-1
1.650499490E-1,2.384734154E-2,-7.088267803E-2,1.574935913E-1,1.743481604E-1
1.700417720E-1,9.641003609E-2,-7.337853312E-2,1.802482605E-1,2.171836541E-1
1.750335950E-1,1.529426277E-1,-8.066651225E-2,1.839284897E-1,2.524444946E-1
1.800254180E-1,1.384656727E-1,-5.990394950E-2,1.969547272E-1,2.480975418E-1
1.850172410E-1,9.696179628E-2,-1.202493906E-2,1.586494446E-1,1.863218596E-1
1.900090640E-1,5.713519454E-2,-1.199147105E-2,9.830188751E-2,1.143306036E-1
1.950008870E-1,4.639235139E-2,-2.117627859E-2,5.832862854E-2,7.747847411E-2
1.999927100E-1,2.635258436E-2,-1.605051756E-2,3.346538544E-2,4.551933478E-2
2.049845330E-1,1.995086670E-3,-2.500945330E-2,9.286880493E-3,2.675255641E-2
2.099763560E-1,1.435548067E-3,-4.318556190E-2,-4.925727844E-3,4.348926706E-2
2.149681790E-1,1.941123605E-2,-3.281980753E-2,-1.411437988E-2,4.065896667E-2
2.199600020E-1,5.564871430E-2,9.921163321E-3,-9.071350098E-3,5.724943911E-2
2.249518240E-1,6.763193011E-2,4.908263683E-3,-2.752399445E-2,7.318291668E-2
2.299436470E-1,8.420667052E-2,-9.290099144E-3,-1.750850677E-2,8.650790202E-2
2.349354700E-1,6.784814596E-2,-2.307054400E-2,4.373645782E-2,8.395533726E-2
2.399272930E-1,5.682566762E-2,-3.187462687E-2,7.554244995E-2,9.975875943E-2
2.449191160E-1,3.685408831E-2,-2.644833922E-2,1.020040512E-1,1.116358586E-1
2.499109390E-1,1.738086343E-2,-2.120673656E-2,8.577251434E-2,9.004856637E-2
2.549027620E-1,3.108727932E-2,-3.014615178E-2,3.709888458E-2,5.702224689E-2
2.598945850E-1,3.973591328E-2,-6.185770035E-3,3.513336182E-3,4.036768616E-2
2.648864080E-1,5.281662941E-2,-1.560509205E-2,-2.939319611E-2,6.242655859E-2
2.698782310E-1,5.627304316E-2,-2.479463816E-2,-3.349971771E-2,7.002614193E-2
2.748700540E-1,4.084801674E-2,-2.442434430E-2,-2.344989777E-2,5.305663739E-2
2.798618770E-1,2.583178878E-2,-3.346616030E-2,9.888648987E-3,4.341716913E-2
2.848536990E-1,2.060654759E-2,-4.705408216E-2,1.441001892E-2,5.335133641E-2
2.898455220E-1,1.329660416E-3,-3.225633502E-2,3.296184540E-2,4.613807969E-2
2.948373450E-1,1.511058211E-2,-3.184026480E-2,4.179477692E-2,5.467115813E-2
2.998291680E-1,1.443699002E-2,-4.095134139E-2,4.578971863E-2,6.310417874E-2
3.048209910E-1,1.843544841E-2,-3.119933605E-2,4.973411560E-2,6.153654672E-2
3.098128140E-1,2.241984010E-2,-2.166950703E-2,4.421234131E-2,5.410127437E-2
3.148046370E-1,2.624291182E-2,-1.706674695E-2,3.409194946E-2,4.628417970E-2
3.197964600E-1,1.577949524E-2,1.105490327E-2,1.943874359E-2,2.736910866E-2
3.247882830E-1,1.486158371E-2,2.469336987E-2,1.916027069E-2,3.460845502E-2
3.297801060E-1,-1.267790794E-4,2.875235677E-2,9.462356567E-3,3.026962643E-2
3.347719290E-1,1.811406016E-2,9.290277958E-3,1.405620575E-2,2.473874209E-2
3.397637520E-1,2.188456059E-2,8.935302496E-3,1.858615875E-2,3.007023312E-2
3.447555740E-1,2.104026079E-2,-5.557745695E-3,1.361465454E-2,2.566982528E-2
3.497473970E-1,2.031484246E-2,3.802388906E-3,-2.902030945E-2,3.562764862E-2
3.547392200E-1,3.847655654E-2,3.641307354E-3,-5.216503143E-2,6.492222290E-2
3.597310430E-1,4.699698091E-2,-1.132518053E-3,-5.139446259E-2,6.965191739E-2
3.647228660E-1,4.607033730E-2,-1.068770885E-3,-3.177165985E-2,5.597371365E-2
3.697146890E-1,3.597888350E-2,-1.039257646E-2,-2.188491821E-2,4.337551555E-2
3.747065120E-1,2.147084475E-2,-2.431476116E-2,6.740570068E-3,3.313065151E-2
3.796983350E-1,4.499652982E-2,-1.910415292E-2,-2.810478210E-3,4.896483577E-2
3.846901580E-1,3.499364853E-2,-2.346852422E-2,1.945495605E-3,4.217952133E-2
3.896819810E-1,2.040761709E-2,-1.365891099E-2,2.081394196E-2,3.219094383E-2
3.946738040E-1,-8.059054613E-3,-8.702218533E-3,4.888534546E-2,5.030361785E-2
3.996656270E-1,1.600652933E-3,-3.811329603E-3,2.933979034E-2,2.962957341E-2
4.046574490E-1,1.098513603E-2,-1.311728358E-2,3.368949890E-2,3.778516479E-2
4.096492720E-1,1.058876514E-2,-8.122205734E-3,3.799724579E-2,4.027260683E-2
4.146410950E-1,1.025071740E-2,-2.210500836E-2,2.334117889E-2,3.374195066E-2
4.196329180E-1,-4.166096449E-3,-3.129270673E-2,1.832771301E-2,3.650335489E-2
4.246247410E-1,-4.167616367E-3,-4.983115196E-2,2.283573151E-2,5.497256921E-2
4.296165640E-1,-4.323214293E-3,-2.568268776E-2,2.730274200E-2,3.773235155E-2
4.346083870E-1,1.488029957E-4,-3.504660726E-2,1.280212402E-2,3.731194449E-2
4.396002100E-1,9.146749973E-3,-1.586320996E-2,1.740646362E-2,2.526439078E-2
4.445920330E-1,1.325526834E-2,-1.115298271E-2,3.616142273E-2,4.009662898E-2
4.495838560E-1,4.592543840E-2,-1.128348708E-2,4.049873352E-2,6.226243161E-2
4.545756790E-1,6.408020854E-2,-1.614797115E-2,2.585411072E-2,7.096101141E-2
4.595675020E-1,6.304746866E-2,-1.627504826E-2,3.032016754E-2,7.182738378E-2
4.645593240E-1,7.624295354E-2,-2.114197612E-2,2.053451538E-2,8.174128357E-2
4.695511470E-1,6.573069096E-2,-2.122631669E-2,4.874134064E-2,8.453873988E-2
4.745429700E-1,2.707940340E-2,-1.189345121E-2,3.401565552E-2,4.507563744E-2
4.795347930E-1,-1.680850983E-3,-1.213413477E-2,4.313659668E-2,4.484226198E-2
4.845266160E-1,-2.065876126E-2,-2.900719643E-3,5.690288544E-2,6.060641024E-2
4.895184390E-1,-3.012028337E-2,1.102688909E-2,5.632209778E-2,6.481514060E-2
4.945102620E-1,-3.495854139E-2,2.007618546E-2,3.680801392E-2,5.458921805E-2
4.995020850E-1,-1.626116037E-2,-4.140943289E-3,-1.449584961E-3,1.684262582E-2
5.044939080E-1,2.188622952E-3,5.173116922E-3,-6.141662598E-3,8.322933893E-3
5.094857310E-1,1.597404480E-3,1.714825630E-4,-6.050109863E-3,6.259787273E-3
5.144775540E-1,1.059535146E-2,-1.899966598E-2,-1.070594788E-2,2.424595017E-2
5.194693770E-1,3.378009796E-2,-1.432973146E-2,-2.479839325E-2,4.428765663E-2
5.244611990E-1,2.824187279E-2,-1.919192076E-2,-1.504611969E-2,3.731378993E-2
5.294530740E-1,3.239953518E-2,9.081006050E-3,-2.436065674E-2,4.154077692E-2
5.344449490E-1,2.244871855E-2,1.342293620E-2,-4.307937622E-2,5.039794476E-2
5.394368240E-1,1.749309897E-2,1.313751936E-2,-3.792190552E-2,4.377983377E-2
5.444286990E-1,1.268789172E-2,8.114844561E-3,-9.103775024E-3,1.759863683E-2
5.494205740E-1,2.210944891E-2,-2.522045374E-2,-2.324962616E-2,4.080985340E-2
5.544124490E-1,3.603422642E-2,-3.463265300E-2,2.915954590E-2,5.786333247E-2
5.594043240E-1,3.549879789E-2,-3.932282329E-2,5.737495422E-2,7.809183347E-2
5.643961990E-1,1.609870791E-2,-3.453993797E-2,5.212306976E-2,6.456771727E-2
5.693880740E-1,1.620024443E-3,-2.046811581E-2,5.167198181E-2,5.560181605E-2
5.743799490E-1,-8.037179708E-3,-6.365865469E-3,4.173564911E-2,4.297656230E-2
5.793718240E-1,-3.528743982E-3,7.613092661E-3,1.291275024E-2,1.539968613E-2
5.843636990E-1,5.585700274E-3,7.382392883E-3,1.282119751E-2,1.581400891E-2
5.893555740E-1,4.313290119E-4,2.513349056E-3,-1.100826263E-2,1.129977055E-2
5.943474490E-1,-1.412093639E-2,1.203164458E-2,1.283264160E-2,2.255743794E-2
5.993393240E-1,-9.667068720E-3,2.483755350E-3,2.698040009E-2,2.876739903E-2
6.043311990E-1,-1.004976034E-2,7.258325815E-3,7.777214050E-3,1.463441270E-2
6.093230740E-1,-5.839169025E-3,-2.301037312E-3,-1.125621796E-2,1.288771160E-2
6.143149490E-1,-1.121300459E-2,-2.231985331E-3,-6.388664246E-3,1.309687983E-2
6.193068240E-1,1.194897294E-2,-2.215385437E-3,-1.580524445E-2,1.993719235E-2
6.242986990E-1,3.977191448E-2,-6.897598505E-3,-2.040004730E-2,4.522769037E-2
6.292905740E-1,2.958431840E-2,2.754509449E-3,-2.971553802E-2,4.202180883E-2
6.342824490E-1,3.382602334E-2,-2.090704441E-2,-1.046657562E-2,4.111998986E-2
6.392743240E-1,3.338772058E-2,-2.062886953E-2,-8.792877197E-4,3.925637898E-2
6.442661990E-1,1.875948906E-2,-2.040493488E-2,8.627891541E-3,2.902964536E-2
6.492580740E-1,1.380372047E-2,-2.503731847E-2,8.560180664E-3,2.984437481E-2
6.542499490E-1,-1.010471582E-2,-2.963110805E-2,8.492469788E-3,3.243809318E-2
6.592418240E-1,2.311614156E-2,-2.479344606E-2,3.683090210E-3,3.409745037E-2
6.642336990E-1,3.211158514E-2,-3.424370289E-2,4.165840149E-2,6.276310622E-2
6.692255740E-1,2.193424106E-2,-1.528000832E-2,5.558300018E-2,6.167705809E-2
6.742174490E-1,2.624294162E-2,-1.170873642E-3,6.463527679E-2,6.976949144E-2
6.792093240E-1,1.642766595E-2,3.373444080E-3,4.036426544E-2,4.370952137E-2
6.842011990E-1,6.746053696E-3,1.753264666E-2,2.043724060E-3,1.889655385E-2
6.891930740E-1,-2.908408642E-3,3.648024797E-2,-1.221752167E-2,3.858153922E-2
6.941849490E-1,-3.040641546E-3,1.739010215E-2,-2.161312103E-2,2.790677614E-2
6.991768240E-1,-2.691257000E-2,-6.291598082E-3,-2.143287659E-2,3.497483137E-2
7.041686990E-1,-2.209457755E-2,-1.558244228E-2,-2.258300781E-3,2.713084568E-2
7.091605740E-1,-3.226995468E-3,-2.009925246E-2,-6.978988647E-3,2.151975213E-2
7.141524490E-1,2.962499857E-2,-5.636304617E-3,-2.589988708E-2,3.975188827E-2
7.191442720E-1,2.437099814E-2,3.957569599E-3,-1.617717743E-2,2.951794331E-2
7.241360950E-1,1.942038536E-2,-5.470544100E-3,-2.554225922E-2,3.254973466E-2
7.291279180E-1,5.270671844E-2,-3.856262565E-2,-2.534103394E-2,7.005171138E-2
7.341197410E-1,4.303109646E-2,-2.864244580E-2,3.347396851E-3,5.180028986E-2
7.391115640E-1,3.818455338E-2,-3.310233355E-2,4.129505157E-2,6.526182566E-2
7.441033870E-1,2.868187428E-2,-2.348724008E-2,5.993747711E-2,7.047553846E-2
7.490952100E-1,1.450991631E-2,-2.355313301E-2,4.993629456E-2,5.708696226E-2
7.540870330E-1,1.469990611E-2,-4.570394754E-3,3.051948547E-2,3.418208217E-2
7.590788560E-1,2.918902040E-2,9.553253651E-3,6.512641907E-3,3.139551037E-2
7.640706790E-1,2.925834060E-2,1.891669631E-2,-2.679252625E-2,4.395146592E-2
7.690625020E-1,-3.910779953E-3,4.457503557E-3,-2.183246613E-2,2.262344171E-2
7.740543240E-1,-2.255803347E-2,4.468142986E-3,2.078056335E-3,2.308998687E-2
7.790461470E-1,-2.696016431E-2,-5.018293858E-3,2.579593658E-2,3.764922412E-2
7.840379700E-1,-1.739332080E-2,-2.397251129E-2,4.458141327E-2,5.352299800E-2
7.890297930E-1,-3.259897232E-3,-4.938602448E-3,3.472805023E-2,3.522859913E-2
7.940216160E-1,1.555618644E-2,-5.057364702E-3,2.020645142E-2,2.599754898E-2
7.990134390E-1,5.880206823E-3,2.336776257E-2,1.054668427E-2,2.630326422E-2
8.040052620E-1,2.007770538E-2,2.322295308E-2,-8.537292480E-3,3.186385360E-2
8.089970850E-1,3.890535235E-2,-5.307734013E-3,-1.796817780E-2,4.318163841E-2
8.139889080E-1,4.818302393E-2,-5.057781935E-3,-1.782894135E-2,5.162418137E-2
8.189807310E-1,5.303978920E-3,4.689216614E-3,1.296997070E-3,7.197440256E-3
8.239725540E-1,-3.236210346E-2,4.646003246E-3,6.019592285E-3,3.324344413E-2
8.289643770E-1,-2.718713880E-2,-9.588330984E-3,-1.778030396E-2,3.387057448E-2
8.339561990E-1,-8.174926043E-3,-4.655897617E-3,-3.380775452E-3,9.996821549E-3
8.389480220E-1,-3.670513630E-3,1.834332943E-4,1.090431213E-2,1.150696924E-2
8.439398450E-1,1.039883494E-2,-9.265214205E-3,2.981376648E-2,3.290654394E-2
8.489316680E-1,2.455705404E-2,-1.393637061E-2,4.855918884E-2,5.617175580E-2
8.539234910E-1,4.339611530E-2,-1.371410489E-2,3.865146637E-2,5.970959177E-2
8.589153140E-1,4.793813825E-2,-8.747339249E-3,1.932621002E-2,5.242216551E-2
8.639071370E-1,3.824874759E-2,-2.281594276E-2,-9.337425232E-3,4.550518043E-2
8.688989600E-1,1.935249567E-2,-8.330404758E-3,-2.827262878E-2,3.525983934E-2
8.738907830E-1,1.496306062E-2,-3.514438868E-3,-2.330970764E-2,2.792108404E-2
8.788826060E-1,2.005851269E-2,-1.304039359E-2,-2.313232422E-2,3.327912589E-2
8.838744290E-1,-1.773214340E-2,-8.185237646E-3,-8.708953857E-3,2.138394029E-2
8.888662520E-1,-2.676713467E-2,-1.276576519E-2,8.449554443E-4,2.966746044E-2
8.938580740E-1,-1.214015484E-2,-3.166466951E-3,2.932262421E-2,3.189398318E-2
8.988498970E-1,-7.187247276E-3,6.357043982E-3,3.857135773E-2,3.974692653E-2
9.038417200E-1,-2.272367477E-3,1.579692960E-2,4.299449921E-2,4.586102485E-2
9.088335430E-1,1.700124145E-2,1.081091166E-2,2.838325500E-2,3.480699910E-2
9.138253660E-1,4.091629386E-2,-1.297390461E-2,-1.460361481E-2,4.534016839E-2
9.188171890E-1,2.200108767E-2,-2.711752057E-2,-2.399635315E-2,4.237018698E-2
9.238090120E-1,-6.149649620E-3,-3.103286028E-3,1.891708374E-2,2.013217901E-2
9.288008350E-1,-3.422647715E-2,-3.181219101E-3,3.774166107E-2,5.104904380E-2
9.337926580E-1,-2.913981676E-2,-1.745417714E-2,2.793025970E-2,4.397586415E-2
9.387844810E-1,-4.340118170E-2,-1.256224513E-2,4.670143127E-2,6.498073760E-2
9.437763040E-1,1.837709546E-2,-7.758796215E-3,2.258396149E-2,3.013223976E-2
9.487681270E-1,7.984992862E-2,-3.628891706E-2,1.290607452E-2,8.865361449E-2
9.537599490E-1,1.125823855E-1,-4.094690084E-2,1.754665375E-2,1.210757089E-1
9.587517720E-1,7.882454991E-2,-2.667811513E-2,2.688980103E-2,8.745337555E-2
9.637435950E-1,1.226106286E-2,-3.078907728E-3,2.665328979E-2,2.949934223E-2
9.687354180E-1,-4.429939389E-2,1.429289579E-3,-2.106666565E-2,4.907426586E-2
9.737272410E-1,-6.271386147E-2,2.030333877E-2,-1.139926910E-2,6.689691563E-2
9.787190640E-1,-5.754727125E-2,2.963122725E-2,1.244163513E-2,6.591276312E-2
9.837108870E-1,-9.739190340E-3,5.641907454E-3,-1.900672913E-3,1.141470568E-2
9.887027100E-1,-4.960477352E-3,-8.652657270E-3,-2.087688446E-2,2.313696432E-2
9.936945330E-1,-1.431289315E-2,5.613118410E-3,-2.545452118E-2,2.973715953E-2
9.986863560E-1,-9.393781424E-3,5.618393421E-3,-2.049732208E-2,2.323681748E-2
1.003678179E0,-9.314537048E-3,1.037001610E-2,-3.932285309E-2,4.172031411E-2
1.008670002E0,-4.592955112E-3,2.473694086E-2,-2.000331879E-2,3.214256123E-2
1.013661824E0,4.287609458E-2,1.524376869E-2,-1.509284973E-2,4.794294613E-2
1.018653647E0,5.691623688E-2,-1.316225529E-2,-5.483627319E-3,5.867514937E-2
1.023645470E0,5.221056938E-2,-1.279067993E-2,4.029273987E-3,5.390528821E-2
1.028637293E0,2.396070957E-2,-2.197533846E-2,1.345825195E-2,3.518743596E-2
1.033629116E0,6.931424141E-4,-2.643674612E-2,3.818511963E-3,2.672008655E-2
1.038620991E0,-1.778623462E-2,-3.086307645E-2,-9.860992432E-4,3.563498311E-2
1.043612866E0,-1.727342606E-2,-2.064913511E-3,1.799964905E-2,2.503242860E-2
1.048604741E0,-7.423698902E-3,-2.049714327E-3,3.683471680E-2,3.763122368E-2
1.053596616E0,1.184090972E-2,-1.628017426E-2,3.177070618E-2,3.761155391E-2
1.058588491E0,2.554714680E-3,-2.094280720E-2,3.149414062E-2,3.790789673E-2
1.063580366E0,2.669090033E-2,-2.087211609E-2,2.172183990E-2,4.024782875E-2
1.068572241E0,4.107701778E-2,-2.080202103E-2,1.203250885E-2,4.759019582E-2
1.073564116E0,4.120326042E-2,-2.548310161E-2,1.191711426E-2,4.989102874E-2
1.078555991E0,3.394037485E-3,-1.588177681E-2,1.179981232E-2,2.007450861E-2
1.083547866E0,-5.610734224E-3,-6.410270929E-3,3.067970276E-2,3.184047853E-2
1.088539741E0,-5.199313164E-3,7.678866386E-3,2.091884613E-2,2.288221951E-2
1.093531616E0,-2.393957973E-2,1.695188880E-2,1.599216461E-2,3.340986891E-2
1.098523491E0,-3.318092227E-2,7.203549147E-3,1.111125946E-2,3.572568837E-2
1.103515366E0,-1.385587454E-2,7.035493851E-3,3.476238251E-2,3.807764003E-2
1.108507241E0,1.005339622E-2,1.172542572E-2,4.871654510E-2,5.110634159E-2
1.113499116E0,1.477271318E-2,1.162359118E-2,4.830837250E-2,5.183666444E-2
1.118490991E0,5.259156227E-3,6.774127483E-3,3.365612030E-2,3.473157009E-2
1.123482866E0,7.260143757E-4,-2.883166075E-3,1.912212372E-2,1.935188257E-2
1.128474741E0,8.752048016E-4,1.133444905E-2,1.895809174E-2,2.210531522E-2
1.133466616E0,1.996681094E-2,-3.007531166E-3,9.299278259E-3,2.223050515E-2
1.138458491E0,2.454829216E-2,-3.034353256E-3,-1.926708221E-2,3.135357084E-2
1.143450366E0,3.859019279E-2,-1.730859280E-2,-9.607315063E-3,4.337154444E-2
1.148442241E0,3.832319379E-2,-1.727238297E-2,-2.956390381E-5,4.203573801E-2
1.153434116E0,2.386489511E-2,-4.097893834E-2,2.846050262E-2,5.530648077E-2
1.158425991E0,2.852264047E-2,-4.554802179E-2,5.196666718E-2,7.475759363E-2
1.163417866E0,3.778615594E-2,-4.548642039E-2,6.103992462E-2,8.498635431E-2
1.168409741E0,2.328038216E-2,-2.178475261E-2,4.629611969E-2,5.621283072E-2
1.173401616E0,-1.484546065E-2,-1.258015633E-2,1.268291473E-2,2.322723318E-2
1.178393491E0,-9.969025850E-3,6.148725748E-3,3.091812134E-3,1.211394267E-2
1.183385366E0,-1.473414898E-2,5.779474974E-3,-6.416320801E-3,1.707825078E-2
1.188377241E0,-3.375703096E-2,-4.083693027E-3,-1.109504700E-2,3.576749580E-2
1.193369116E0,-2.418074012E-2,4.307031631E-4,-2.048397064E-2,3.169363897E-2
1.198360991E0,-2.407890558E-2,1.915508509E-2,-2.504920959E-2,3.967586017E-2
1.203352866E0,9.315133095E-3,-2.666413784E-4,-1.197996140E-1,1.201615176E-1
1.208344741E0,1.435559988E-2,1.392084360E-2,-1.425571442E-1,1.439528134E-1
1.213336616E0,-1.848134398E-2,2.804622054E-2,-1.792907715E-2,3.807364403E-2
1.218328491E0,-1.342195272E-2,-5.532920361E-3,7.718753815E-2,7.854093244E-2
1.223320366E0,-1.842132211E-2,-2.015006542E-2,8.606910706E-2,9.029541203E-2
1.228312241E0,1.925349236E-2,-2.530428767E-2,4.664421082E-3,3.213659544E-2
1.233304116E0,5.698138475E-2,-1.824706793E-3,-6.183433533E-2,8.410524828E-2
1.238295939E0,7.117033005E-2,2.727061510E-3,-7.082653046E-2,1.004442639E-1
1.243287762E0,4.761672020E-2,-1.164922118E-2,-3.227710724E-2,5.869299829E-2
1.248279585E0,1.481595635E-2,-6.809771061E-3,1.544380188E-2,2.245877470E-2
1.253271408E0,-2.731397748E-2,-1.155763865E-2,4.377841949E-2,5.287894090E-2
1.258263231E0,-4.550293088E-2,1.206514239E-2,4.814624786E-2,6.733606436E-2
1.263255054E0,-4.480770230E-2,2.599605918E-2,2.399730682E-2,5.709112027E-2
1.268246877E0,-4.437971115E-2,3.511640429E-2,9.554862976E-3,5.739351896E-2
1.273238699E0,-3.931403160E-2,3.002333641E-2,1.422786713E-2,5.147257535E-2
1.278230522E0,-2.964758873E-2,1.088520885E-2,1.411247253E-2,3.459232820E-2
1.283222345E0,-1.071900129E-2,-1.754060388E-2,3.299617767E-2,3.887566738E-2
1.288214168E0,1.749524474E-2,-7.791340351E-3,3.273296356E-2,3.792407516E-2
1.293205991E0,3.123053908E-2,-2.197194099E-2,1.348018646E-2,4.049479213E-2
1.298197814E0,3.076174855E-2,-2.846717834E-3,3.881454468E-3,3.113606695E-2
1.303189637E0,2.565231919E-2,1.873582602E-3,-2.938461304E-2,3.905134153E-2
1.308181460E0,2.538591623E-2,1.909941435E-3,-4.338550568E-2,5.030302896E-2
1.313173283E0,3.007644415E-2,1.154905558E-2,-5.253219604E-2,6.162470932E-2
1.318165106E0,3.973621130E-2,2.217769623E-3,-3.787326813E-2,5.493877892E-2
1.323156929E0,3.058126569E-2,2.461224794E-3,-9.101867676E-3,3.200180360E-2
1.328148752E0,2.155780792E-2,2.698481083E-3,4.339218140E-4,2.173037438E-2
1.333140574E0,1.260632277E-2,1.243489981E-2,-2.809715271E-2,3.321138506E-2
1.338132397E0,3.833323717E-3,3.200113773E-3,-1.841068268E-2,1.907585740E-2
1.343124220E0,-2.866101265E-2,3.591209650E-3,1.968765259E-2,3.495646002E-2
1.348116043E0,-4.209676385E-2,-5.571961403E-3,4.323196411E-2,6.059857260E-2
1.353107866E0,-4.613626003E-2,-1.470467448E-2,4.759693146E-2,6.789882050E-2
1.358099689E0,-2.185893059E-2,-2.386513352E-2,5.193614960E-2,6.119412618E-2
1.363091512E0,2.110779285E-2,-1.865383983E-2,3.249931335E-2,4.300825535E-2
1.368083335E0,4.477769136E-2,-2.303901315E-2,2.746963501E-2,5.736217062E-2
1.373075158E0,3.511315584E-2,-3.223803639E-2,2.722930908E-2,5.489681208E-2
1.378066981E0,1.139083505E-2,-2.242246270E-2,5.547904968E-2,6.091340501E-2
1.383058804E0,-7.489204407E-3,-1.263672113E-2,5.025672913E-2,5.235946644E-2
1.388050627E0,-1.682209969E-2,-1.727786660E-2,4.508590698E-2,5.112970487E-2
1.393042449E0,-1.198601723E-2,1.130515337E-2,6.726264954E-3,1.779645307E-2
1.398034272E0,-7.191866636E-3,1.116099954E-2,-7.571220398E-3,1.528444421E-2
1.403026095E0,-2.333730459E-3,6.321549416E-3,-4.074954987E-2,4.130295509E-2
1.408017918E0,-2.058267593E-3,1.107344031E-2,-9.265518188E-2,9.333723949E-2
1.413009741E0,-7.269918919E-2,2.538460493E-2,-1.061563492E-1,1.311438933E-1
1.418001564E0,-1.237103641E-1,3.958258033E-2,-1.195468903E-1,1.765290169E-1
1.422993387E0,-9.869071841E-2,5.382615328E-2,-1.138219833E-1,1.599767376E-1
1.427985210E0,-7.904538512E-2,5.375942588E-2,-1.081304550E-1,1.443275583E-1
1.432977033E0,-7.402190566E-2,3.486114740E-2,-8.823680878E-2,1.203340207E-1
1.437968856E0,-6.888765097E-2,4.946768284E-2,-6.851863861E-2,1.090291885E-1
1.442960679E0,1.700231433E-1,7.437944412E-3,-2.911968231E-1,3.372814582E-1
1.447952502E0,1.955567300E-1,6.133729219E-2,-2.936954498E-1,3.581364479E-1
1.452944324E0,1.276170909E-1,6.782513857E-2,-1.205606461E-1,1.882053153E-1
1.457936147E0,1.276017427E-1,3.178551793E-2,1.785373688E-2,1.327074972E-1
1.462927970E0,2.833417058E-2,1.979053020E-2,1.788425446E-1,1.821514371E-1
1.467919793E0,-5.601835251E-2,2.668559551E-2,3.290090561E-1,3.348091035E-1
1.472911616E0,-3.066280484E-2,2.862468362E-2,3.924684525E-1,3.947037703E-1
1.477903439E0,-5.393192172E-2,3.033444285E-2,6.406345367E-1,6.436159105E-1
1.482895262E0,-1.348885894E-2,4.560026526E-2,1.038808823E0,1.039896679E0
1.487887085E0,-1.011092216E-1,-1.827344894E-1,1.229669571E0,1.247277925E0
1.492878908E0,-1.391449720E-1,-4.155928195E-1,1.124702454E0,1.207076768E0
1.497870731E0,-3.648576140E-2,-5.865710974E-1,9.162731171E-1,1.088555597E0
1.502862554E0,2.159274817E-1,-6.818458438E-1,7.049369812E-1,1.004228350E0
1.507854377E0,3.752014637E-1,-6.592697501E-1,5.524339676E-1,9.384007834E-1
1.512846199E0,3.662926853E-1,-6.051946282E-1,4.867610931E-1,8.587008974E-1
1.517838022E0,2.095377743E-1,-5.338072181E-1,4.834499359E-1,7.500533751E-1
1.522829845E0,1.200561821E-1,-5.256584287E-1,4.802360535E-1,7.220505090E-1
1.527821720E0,1.680414677E-1,-5.086248517E-1,5.626039505E-1,7.768271235E-1
1.532813595E0,3.895574212E-1,-6.532155275E-1,6.396436691E-1,9.937753938E-1
1.537805470E0,5.574073195E-1,-6.674278975E-1,6.877574921E-1,1.108680877E0
1.542797345E0,4.818879962E-1,-5.847070217E-1,8.496503830E-1,1.138421765E0
1.547789220E0,4.602262378E-1,-4.490417838E-1,1.309570312E0,1.458910935E0
1.552781095E0,5.726391673E-1,-4.044518173E-1,1.784946442E0,1.917688892E0
1.557772970E0,5.474435091E-1,-1.327985227E-1,1.990799904E0,2.068964500E0
1.562764845E0,3.870604038E-1,3.495546281E-1,2.043308258E0,2.108817875E0
1.567756720E0,5.114249587E-1,7.463945150E-1,2.038683891E0,2.230446652E0
1.572748595E0,3.930781484E-1,1.144441247E0,1.929779053E0,2.277784755E0
1.577740470E0,5.243662000E-1,1.463427067E0,2.040240288E0,2.564987159E0
1.582732345E0,5.652421117E-1,1.514298677E0,2.406270981E0,2.898747861E0
1.587724220E0,4.078440070E-1,1.458779812E0,2.755206108E0,3.144127219E0
1.592716095E0,-5.543959141E-2,1.371084690E0,3.022098541E0,3.319039977E0
1.597707970E0,-4.692574143E-1,1.294898987E0,3.216622353E0,3.499089205E0
1.602699845E0,-8.230153322E-1,1.321805000E0,3.305423737E0,3.653812909E0
1.607691720E0,-1.135047674E0,1.366739154E0,3.331624031E0,3.775715538E0
1.612683595E0,-1.214388132E0,1.277894258E0,3.548324585E0,3.962115550E0
1.617675470E0,-1.153366208E0,1.137668610E0,3.759261131E0,4.093481126E0
1.622667345E0,-1.272539854E0,1.138318300E0,3.797369003E0,4.163548676E0
1.627659220E0,-1.502717495E0,1.242108107E0,3.920743942E0,4.378724184E0
1.632651095E0,-1.683846951E0,1.367906332E0,4.124135017E0,4.659935400E0
1.637642970E0,-1.675326347E0,1.414981008E0,4.182743073E0,4.722735355E0
1.642634845E0,-1.513291359E0,1.292289972E0,4.111136436E0,4.567439864E0
1.647626720E0,-1.258927703E0,1.152269840E0,4.196122169E0,4.529907947E0
1.652618595E0,-1.014250994E0,1.117902637E0,4.556898117E0,4.800388717E0
1.657610470E0,-8.886135817E-1,1.211327314E0,5.073904037E0,5.291639646E0
1.662602345E0,-9.774586558E-1,1.454513431E0,5.565892220E0,5.835254146E0
1.667594220E0,-1.346631527E0,1.678779483E0,5.947481155E0,6.324891233E0
1.672586095E0,-1.726105213E0,1.878262401E0,6.190614700E0,6.695597003E0
1.677577970E0,-2.164346933E0,2.009030342E0,6.395974159E0,7.044791410E0
1.682569845E0,-2.593733788E0,2.155894279E0,6.644697189E0,7.451666649E0
1.687561720E0,-2.994249582E0,2.288871765E0,7.041509628E0,7.986696586E0
1.692553595E0,-3.503870010E0,2.344457626E0,7.471239090E0,8.578636264E0
1.697545470E0,-3.691487312E0,2.312233448E0,7.790353775E0,8.925419544E0
1.702537345E0,-3.478181601E0,2.162534714E0,7.936697006E0,8.931151270E0
1.707529220E0,-3.080354214E0,2.056656122E0,8.048715591E0,8.860036070E0
1.712521095E0,-2.762917042E0,2.098657608E0,8.006797791E0,8.726218264E0
1.717512970E0,-2.443108082E0,2.154227018E0,7.782588005E0,8.436714242E0
1.722504845E0,-2.077470779E0,2.205265999E0,7.328882217E0,7.930422279E0
1.727496720E0,-1.852596045E0,2.249113560E0,6.531907082E0,7.152372616E0
1.732488595E0,-1.765217304E0,2.236972570E0,5.474173546E0,6.171435362E0
1.737480418E0,-1.733033657E0,2.158942938E0,4.543660164E0,5.320647324E0
1.742472241E0,-1.718494177E0,2.090088367E0,4.132007599E0,4.939147539E0
1.747464064E0,-1.816398263E0,2.103232384E0,4.247538567E0,5.075871648E0
1.752455887E0,-1.907800913E0,2.106441259E0,4.587897301E0,5.396813944E0
1.757447710E0,-1.880794644E0,2.136271954E0,5.137897491E0,5.873588085E0
1.762439533E0,-1.747096062E0,2.190492868E0,5.834606171E0,6.472498190E0
1.767431356E0,-1.542266369E0,2.218914986E0,6.596182823E0,7.128239411E0
1.772423179E0,-1.436004162E0,2.257713318E0,7.188281059E0,7.670121379E0
1.777415002E0,-1.431042910E0,2.209988594E0,7.358184814E0,7.815037886E0
1.782406824E0,-1.444412231E0,2.109481096E0,7.049733162E0,7.498998256E0
1.787398647E0,-1.699951410E0,2.062381506E0,6.713150978E0,7.225624425E0
1.792390470E0,-2.328157902E0,2.069663286E0,6.635223389E0,7.330076040E0
1.797382293E0,-3.110556602E0,1.811757445E0,6.758094788E0,7.657014599E0
1.802374116E0,-3.522414923E0,1.336571932E0,6.823423386E0,7.794417112E0
1.807365939E0,-3.726081371E0,8.878539205E-1,6.559171677E0,7.595702736E0
1.812357762E0,-3.849401474E0,6.230443120E-1,6.114253998E0,7.251908568E0
1.817349585E0,-4.073938847E0,5.994995832E-1,5.680237770E0,7.015802064E0
1.822341408E0,-4.291209698E0,6.073284745E-1,5.429119110E0,6.946845533E0
1.827333231E0,-4.246103764E0,5.706641674E-1,5.479880333E0,6.955871134E0
1.832325054E0,-3.944714069E0,5.421391129E-1,5.846035957E0,7.073246802E0
1.837316877E0,-3.462871313E0,5.780643821E-1,6.435975075E0,7.331262601E0
1.842308699E0,-2.988924265E0,6.054574251E-1,6.919592857E0,7.561812763E0
1.847300522E0,-2.448266268E0,5.664684176E-1,7.096685410E0,7.528468502E0
1.852292345E0,-1.959520221E0,3.805902600E-1,7.039841652E0,7.317372406E0
1.857284168E0,-1.657701969E0,5.402559042E-2,6.773688316E0,6.973790074E0
1.862275991E0,-1.544307470E0,-2.922552526E-1,6.317952156E0,6.510515966E0
1.867267814E0,-1.673230648E0,-6.525824666E-1,5.835518837E0,6.105640407E0
1.872259637E0,-2.026925325E0,-9.647239447E-1,5.445816040E0,5.890333684E0
1.877251460E0,-2.421417713E0,-1.271764278E0,5.478016853E0,6.122852012E0
1.882243283E0,-2.883258581E0,-1.556283474E0,5.959579468E0,6.800866543E0
1.887235106E0,-3.167223215E0,-1.777218580E0,5.819664001E0,6.859905092E0
1.892226929E0,-2.768422127E0,-2.126010180E0,4.830866814E0,5.959979407E0
1.897218752E0,-1.947815061E0,-2.385405064E0,4.108028412E0,5.134202787E0
1.902210574E0,-1.181635141E0,-2.338790894E0,4.189579010E0,4.941535868E0
1.907202397E0,-5.826814771E-1,-2.220495701E0,4.671926498E0,5.205479427E0
1.912194220E0,-3.161441684E-1,-2.174682140E0,5.372868538E0,5.804903606E0
1.917186043E0,-5.325911045E-1,-2.216092587E0,5.900885582E0,6.325754523E0
1.922177866E0,-7.724990249E-1,-2.262076855E0,6.013376236E0,6.471046298E0
1.927169689E0,-6.933053136E-1,-2.539822578E0,5.993367195E0,6.546130256E0
1.932161512E0,-7.072039247E-1,-3.051937103E0,5.903301239E0,6.683069878E0
1.937153335E0,-1.286498308E0,-3.429397345E0,5.499994278E0,6.608008861E0
1.942145158E0,-2.357905865E0,-3.734593391E0,5.028198242E0,6.692509651E0
1.947136981E0,-3.827160120E0,-3.887122869E0,4.660313606E0,7.174635997E0
1.952128804E0,-5.309950829E0,-3.993384123E0,4.300754547E0,7.914492039E0
1.957120627E0,-6.532026768E0,-4.264430046E0,3.653562546E0,8.614015126E0
1.962112449E0,-7.397631168E0,-4.642694473E0,2.771848679E0,9.163116499E0
1.967104272E0,-8.022811890E0,-4.835343361E0,1.875128746E0,9.553123251E0
1.972096095E0,-8.361724854E0,-4.856028080E0,1.353846550E0,9.763828743E0
1.977087918E0,-8.400938034E0,-4.767062664E0,1.468481064E0,9.770214068E0
1.982079741E0,-8.415127754E0,-4.756221771E0,2.073485374E0,9.886119676E0
1.987071564E0,-8.205431938E0,-4.949576378E0,2.766872406E0,9.974116629E0
1.992063387E0,-7.662374496E0,-5.291277409E0,3.071833611E0,9.805394498E0
1.997055210E0,-7.090255737E0,-5.513983250E0,3.156948090E0,9.520612320E0
2.002047033E0,-6.423691750E0,-5.541488171E0,3.394873619E0,9.137673321E0
2.007038856E0,-5.784145832E0,-5.464927197E0,3.736854553E0,8.791237354E0
2.012030731E0,-4.783148289E0,-5.366096020E0,3.853336334E0,8.156083309E0
2.017022606E0,-3.433581114E0,-5.384364605E0,3.458928108E0,7.262578407E0
2.022014481E0,-1.809332848E0,-5.309677124E0,2.755121231E0,6.249563946E0
2.027006356E0,-6.043825150E-1,-5.127694607E0,2.003687859E0,5.538347699E0
2.031998231E0,1.245527267E-1,-5.009827614E0,9.879665375E-1,5.107833590E0
2.036990106E0,7.822213173E-1,-5.312903404E0,-6.316719055E-1,5.407200955E0
2.041981981E0,1.301090240E0,-5.623557568E0,-2.486634254E0,6.284949120E0
2.046973856E0,1.511639953E0,-5.448482513E0,-3.746337891E0,6.782777059E0
2.051965731E0,1.963878512E0,-4.230031967E0,-3.902558327E0,6.081114269E0
2.056957606E0,4.351871014E-1,-3.820809364E0,-3.449759960E0,5.166121930E0
2.061949481E0,2.924244404E-1,-3.657005310E0,-3.311573505E0,4.942238255E0
2.066941356E0,1.217105269E0,-3.027027607E0,-4.754806519E0,5.766491689E0
2.071933231E0,1.668333411E0,-2.474585533E0,-7.668316841E0,8.228608212E0
2.076925106E0,3.159067392E0,-2.985911846E0,-9.631466866E0,1.056695464E1
2.081916981E0,4.065338612E0,-2.872336388E0,-1.088254642E1,1.196691736E1
2.086908856E0,2.675515652E0,-2.003418684E0,-1.096514320E1,1.146326463E1
2.091900731E0,2.612221718E0,-2.072896957E0,-1.089912128E1,1.139787037E1
2.096892606E0,2.572760344E0,-2.099097490E0,-1.084255123E1,1.133958656E1
2.101884481E0,2.514073372E0,-2.129962921E0,-1.080017185E1,1.129163491E1
2.106876356E0,2.460138083E0,-2.160547972E0,-1.077674198E1,1.126314408E1
2.111868231E0,2.406123400E0,-2.167067289E0,-1.075787354E1,1.123465413E1
2.116860106E0,2.333192587E0,-2.187862396E0,-1.072437096E1,1.119118680E1
2.121851981E0,2.274673939E0,-2.217998028E0,-1.067632771E1,1.113901387E1
2.126843856E0,2.220892429E0,-2.247986078E0,-1.064243889E1,1.110168051E1
2.131835731E0,2.157484055E0,-2.273017168E0,-1.059401417E1,1.104782697E1
2.136827606E0,2.079653025E0,-2.307422161E0,-1.057886887E1,1.102549864E1
2.141819481E0,2.016110182E0,-2.336837292E0,-1.053959179E1,1.098219030E1
2.146811356E0,1.947580934E0,-2.356573105E0,-1.051446152E1,1.094990453E1
2.151803231E0,1.888577461E0,-2.376093864E0,-1.049865627E1,1.092860148E1
2.156795106E0,1.819859743E0,-2.395509958E0,-1.045870495E1,1.088277844E1
2.161786981E0,1.741521120E0,-2.419477940E0,-1.041856003E1,1.083665827E1
2.166778856E0,1.677527785E0,-2.457597017E0,-1.039252663E1,1.081011065E1
2.171770731E0,1.613449335E0,-2.466846704E0,-1.037102222E1,1.078177413E1
2.176762606E0,1.554065943E0,-2.495065451E0,-1.033970165E1,1.074941407E1
2.181754481E0,1.480246663E0,-2.527884722E0,-1.031291389E1,1.072089196E1
2.186746356E0,1.425440669E0,-2.541389942E0,-1.028587437E1,1.069063868E1
2.191738231E0,1.346651793E0,-2.559573174E0,-1.025855827E1,1.065846629E1
2.196730106E0,1.277284145E0,-2.596584320E0,-1.022623730E1,1.062777654E1
2.201721981E0,1.222138166E0,-2.604774952E0,-1.019364643E1,1.059192626E1
2.206713856E0,1.147795677E0,-2.636706829E0,-1.016556835E1,1.056448947E1
2.211705731E0,1.082888365E0,-2.658816576E0,-1.014678955E1,1.054510744E1
2.216697606E0,1.013091922E0,-2.676022530E0,-1.010858536E1,1.050575793E1
2.221689481E0,9.527527094E-1,-2.702666521E0,-1.007965755E1,1.047910495E1
2.226681356E0,8.827565908E-1,-2.719503164E0,-1.006001091E1,1.045843087E1
2.231673179E0,8.175015450E-1,-2.731442451E0,-1.002569675E1,1.042322801E1
2.236665002E0,7.522158623E-1,-2.771827221E0,-9.995883942E0,1.040031493E1
2.241656824E0,6.869273782E-1,-2.783375025E0,-9.975303650E0,1.037910057E1
2.246648647E0,6.312912107E-1,-2.799581766E0,-9.949594498E0,1.035522174E1
2.251640470E0,5.518000722E-1,-2.825224400E0,-9.918765068E0,1.032803354E1
2.256632293E0,4.867614806E-1,-2.855391264E0,-9.887632370E0,1.030317766E1
2.261624116E0,4.314438105E-1,-2.856738329E0,-9.860939026E0,1.027546671E1
2.266615939E0,3.714867532E-1,-2.886602879E0,-9.824357986E0,1.024638904E1
2.271607762E0,2.973326147E-1,-2.916309357E0,-9.792227745E0,1.022159436E1
2.276599585E0,2.282158434E-1,-2.921918631E0,-9.764551163E0,1.019490806E1
2.281591408E0,1.689204127E-1,-2.946483135E0,-9.741316795E0,1.017858290E1
2.286583231E0,1.098401174E-1,-2.975628614E0,-9.708184242E0,1.015456901E1
2.291575054E0,4.145189747E-2,-2.990181208E0,-9.679524422E0,1.013094739E1
2.296566877E0,-1.700681075E-2,-3.004610300E0,-9.645743370E0,1.010288758E1
2.301558699E0,-7.989037037E-2,-3.028473139E0,-9.611628532E0,1.007776935E1
2.306550522E0,-1.472036988E-1,-3.052090168E0,-9.567662239E0,1.004375846E1
2.311542345E0,-1.997728050E-1,-3.065958261E0,-9.542521477E0,1.002495513E1
2.316534168E0,-2.662646174E-1,-3.089264154E0,-9.517041206E0,1.000942172E1
2.321525991E0,-3.371242583E-1,-3.102772474E0,-9.472145081E0,9.973082884E0
2.326517814E0,-3.883157372E-1,-3.116160870E0,-9.450854301E0,9.958910317E0
2.331509637E0,-4.485516548E-1,-3.134163857E0,-9.414914131E0,9.933015140E0
2.336501460E0,-5.034778714E-1,-3.151995897E0,-9.369138718E0,9.897945666E0
2.341493283E0,-5.579337478E-1,-3.174428701E0,-9.332667351E0,9.873548882E0
2.346485106E0,-6.260714531E-1,-3.196631432E0,-9.305512428E0,9.859157141E0
2.351476929E0,-6.793100834E-1,-3.218703747E0,-9.263730049E0,9.830473560E0
2.356468752E0,-7.463018298E-1,-3.216655731E0,-9.236063957E0,9.808604281E0
2.361460574E0,-7.982980609E-1,-3.243114233E0,-9.198599815E0,9.786179453E0
2.366452397E0,-8.448573947E-1,-3.264655113E0,-9.160896301E0,9.761853209E0
2.371444220E0,-9.002618790E-1,-3.276418209E0,-9.123002052E0,9.735222349E0
2.376436043E0,-9.596503973E-1,-3.287988424E0,-9.084930420E0,9.709158434E0
2.381427866E0,-1.018287897E0,-3.299320459E0,-9.056262016E0,9.692177642E0
2.386419689E0,-1.071319938E0,-3.310510159E0,-9.008290291E0,9.656940400E0
2.391411512E0,-1.113868952E0,-3.350140333E0,-8.979340553E0,9.648455890E0
2.396403335E0,-1.169834733E0,-3.356091261E0,-8.940697670E0,9.621223242E0
2.401395158E0,-1.224814773E0,-3.376154900E0,-8.901980400E0,9.599158722E0
2.406386981E0,-1.273972392E0,-3.386468410E0,-8.863189697E0,9.573259923E0
2.411378804E0,-1.321960211E0,-3.391787291E0,-8.838713646E0,9.559009297E0
2.416370627E0,-1.373529911E0,-3.406429529E0,-8.785550117E0,9.522407123E0
2.421362449E0,-1.400063872E0,-3.430455446E0,-8.751520157E0,9.503541891E0
2.426354272E0,-1.449227571E0,-3.444704533E0,-8.712746620E0,9.480411570E0
2.431346095E0,-1.497089863E0,-3.463539124E0,-8.678812981E0,9.463571000E0
2.436337918E0,-1.538919210E0,-3.477336884E0,-8.644963264E0,9.444338727E0
2.441329741E0,-1.574652553E0,-3.481305361E0,-8.587346077E0,9.399017519E0
2.446321564E0,-1.608968139E0,-3.499450207E0,-8.563355446E0,9.389674473E0
2.451313387E0,-1.651481867E0,-3.502938986E0,-8.510865211E0,9.350550815E0
2.456305210E0,-1.692499518E0,-3.506255865E0,-8.482492447E0,9.333330752E0
2.461297033E0,-1.712929010E0,-3.542787075E0,-8.435224533E0,9.307979318E0
2.466288856E0,-1.755856752E0,-3.540756941E0,-8.388237000E0,9.272675591E0
2.471280679E0,-1.792483926E0,-3.557687521E0,-8.351082802E0,9.252606286E0
2.476272502E0,-1.822761178E0,-3.564776182E0,-8.309475899E0,9.223745294E0
2.481264324E0,-1.851498485E0,-3.586010456E0,-8.282526970E0,9.213455955E0
2.486256147E0,-1.873949170E0,-3.587774992E0,-8.222486496E0,9.164774905E0
2.491247970E0,-1.890045881E0,-3.598880529E0,-8.181982994E0,9.136140335E0
2.496239845E0,-1.918991089E0,-3.609706163E0,-8.151439667E0,9.119126824E0
2.501231720E0,-1.941653371E0,-3.620261192E0,-8.111732483E0,9.092662580E0
2.506223595E0,-1.953295350E0,-3.630455732E0,-8.062928200E0,9.055737557E0
2.511215470E0,-1.982582927E0,-3.640410423E0,-8.028909683E0,9.035851582E0
2.516207345E0,-1.981682301E0,-3.654836416E0,-7.985801220E0,9.003216930E0
2.521199220E0,-2.008174181E0,-3.659355164E0,-7.957499981E0,8.985847189E0
2.526191095E0,-2.014057636E0,-3.677889347E0,-7.939247608E0,8.978582895E0
2.531182970E0,-2.032979488E0,-3.676936388E0,-7.897554874E0,8.945626853E0
2.536174845E0,-2.045742750E0,-3.689963579E0,-7.870736599E0,8.930251353E0
2.541166720E0,-2.052390814E0,-3.688291311E0,-7.839643002E0,8.903696044E0
2.546158595E0,-2.062558889E0,-3.700598001E0,-7.799505711E0,8.875858498E0
2.551150470E0,-2.076250553E0,-3.707729340E0,-7.764692783E0,8.851470343E0
2.556142345E0,-2.083930016E0,-3.700157642E0,-7.730406284E0,8.820040375E0
2.561134220E0,-2.067525864E0,-3.692414522E0,-7.666510105E0,8.756938129E0
2.566126095E0,-2.054829359E0,-3.669916630E0,-7.589434147E0,8.676988097E0
2.571117970E0,-2.060031176E0,-3.656628847E0,-7.513502598E0,8.606241006E0
2.576109845E0,-2.035515308E0,-3.642909527E0,-7.429241657E0,8.521017779E0
2.581101720E0,-2.029075861E0,-3.614595175E0,-7.374662876E0,8.459793122E0
2.586093595E0,-2.021541595E0,-3.595419407E0,-7.292610168E0,8.378295423E0
2.591085470E0,-1.998711586E0,-3.580685139E0,-7.211740017E0,8.296104395E0
2.596077345E0,-1.998719811E0,-3.546568155E0,-7.136811733E0,8.216270947E0
2.601069220E0,-1.978654861E0,-3.526445150E0,-7.067786217E0,8.142757055E0
2.606061095E0,-1.962381363E0,-3.524952412E0,-6.995130539E0,8.075152096E0
2.611052970E0,-1.945113420E0,-3.499242306E0,-6.937851906E0,8.010115605E0
2.616044845E0,-1.917341352E0,-3.468468666E0,-6.857861519E0,7.920652584E0
2.621036720E0,-1.898103356E0,-3.470667362E0,-6.793347836E0,7.861164233E0
2.626028595E0,-1.873039484E0,-3.420058012E0,-6.734710693E0,7.782120652E0
2.631020470E0,-1.856518745E0,-3.416862965E0,-6.672353745E0,7.722818065E0
2.636012345E0,-1.829341888E0,-3.389457941E0,-6.611091614E0,7.651238410E0
2.641004220E0,-1.815373063E0,-3.366521358E0,-6.560407162E0,7.593944136E0
2.645996095E0,-1.776458025E0,-3.329057455E0,-6.496463299E0,7.512819847E0
2.650987970E0,-1.760414839E0,-3.310422421E0,-6.424083710E0,7.438199279E0
2.655979845E0,-1.738557935E0,-3.286669016E0,-6.362350464E0,7.369143799E0
2.660971720E0,-1.715734243E0,-3.257927895E0,-6.292119980E0,7.290309459E0
2.665963595E0,-1.691946149E0,-3.228958130E0,-6.227717400E0,7.216184337E0
2.670955470E0,-1.662413120E0,-3.209282875E0,-6.150090218E0,7.133493088E0
2.675947345E0,-1.636657119E0,-3.184557915E0,-6.078349590E0,7.054529706E0
2.680939220E0,-1.605248809E0,-3.159650326E0,-6.031368732E0,6.995543060E0
2.685931095E0,-1.568212628E0,-3.134469986E0,-5.985238075E0,6.935940294E0
2.690922970E0,-1.539870739E0,-3.099578857E0,-5.930407524E0,6.866463747E0
2.695914845E0,-1.510663748E0,-3.078797579E0,-5.871684551E0,6.799836686E0
2.700906720E0,-1.475779176E0,-3.057748556E0,-5.832854748E0,6.749069930E0
2.705898595E0,-1.444853783E0,-3.012699127E0,-5.789971352E0,6.684887937E0
2.710890470E0,-1.417782903E0,-3.005600691E0,-5.728812695E0,6.622917692E0
2.715882345E0,-1.375649929E0,-2.979135513E0,-5.668494701E0,6.549770478E0
2.720874220E0,-1.351697445E0,-2.942955494E0,-5.613772869E0,6.480935029E0
2.725866043E0,-1.303064346E0,-2.916208506E0,-5.564541817E0,6.416102740E0
2.730857866E0,-1.277370572E0,-2.884523153E0,-5.487535477E0,6.329707340E0
2.735849689E0,-1.226947188E0,-2.866934538E0,-5.454189301E0,6.282745735E0
2.740841512E0,-1.189999223E0,-2.834846735E0,-5.397631645E0,6.211833992E0
2.745833335E0,-1.133105993E0,-2.807394028E0,-5.346529007E0,6.144164943E0
2.750825158E0,-1.094434619E0,-2.789246559E0,-5.291330814E0,6.080778346E0
2.755816981E0,-1.054878235E0,-2.751835823E0,-5.232038975E0,6.004964639E0
2.760808804E0,-1.004908204E0,-2.723758221E0,-5.197185040E0,5.953102693E0
2.765800627E0,-9.636043310E-1,-2.714493513E0,-5.139024734E0,5.891229376E0
2.770792449E0,-9.119067192E-1,-2.671621799E0,-5.081479073E0,5.812965377E0
2.775784272E0,-8.688470125E-1,-2.638181686E0,-5.029260159E0,5.745289852E0
2.780776095E0,-8.154007792E-1,-2.614107132E0,-4.982279778E0,5.685204157E0
2.785767918E0,-7.801836729E-1,-2.585015297E0,-4.930987358E0,5.621888204E0
2.790759741E0,-7.202281952E-1,-2.560405493E0,-4.880161285E0,5.557911398E0
2.795751564E0,-6.784833670E-1,-2.525938988E0,-4.806045532E0,5.471634226E0
2.800743387E0,-6.356798410E-1,-2.505283833E0,-4.727872849E0,5.388257382E0
2.805735210E0,-6.416973472E-1,-2.002428770E0,-6.873814583E0,7.188242023E0
2.810727033E0,-7.711647987E0,5.036628723E0,-4.369214630E1,4.465244441E1
2.815718856E0,-1.459973717E1,5.983240128E0,-5.431829834E1,5.656349549E1
2.820710679E0,2.367310333E1,-1.350196242E0,4.391386414E1,4.990657587E1
2.825702502E0,7.672058105E1,-2.929684067E1,1.498055573E2,1.708392736E2
2.830694324E0,1.137653656E2,-4.506339264E1,1.502836151E2,1.937999813E2
2.835686147E0,8.528821564E1,-3.756530380E1,1.500200500E2,1.766104391E2
2.840677970E0,3.341499329E1,-3.262499237E1,1.497651978E2,1.568775521E2
2.845669793E0,1.454564095E1,-2.638055229E1,1.353992462E2,1.387100036E2
2.850661616E0,7.320698738E0,-1.817413712E1,7.060750580E1,7.327558778E1
2.855653439E0,3.462045193E0,-1.150577736E1,2.483325005E1,2.758729739E1
2.860645262E0,1.855875492E0,-6.965788364E0,-2.736280441E0,7.710623323E0
2.865637085E0,7.277081609E-1,-4.298377037E0,-1.493285942E1,1.555621724E1
2.870628908E0,-2.764154226E-2,-2.893430710E0,-1.500543785E1,1.528188046E1
2.875620731E0,8.456628770E-2,-2.132755518E0,-1.139304543E1,1.159125885E1
2.880612554E0,3.825078309E-1,-1.780328035E0,-8.590304375E0,8.781184966E0
2.885604377E0,4.824615717E-1,-1.688496232E0,-7.570563316E0,7.771564683E0
2.890596199E0,5.597064495E-1,-1.827255249E0,-7.584902287E0,7.821948335E0
2.895588022E0,6.745408773E-1,-1.975268602E0,-7.584764957E0,7.866724281E0
2.900579845E0,8.022094965E-1,-2.141510010E0,-7.685017586E0,8.018048422E0
2.905571668E0,9.424434900E-1,-2.277664900E0,-7.751784801E0,8.134256250E0
2.910563491E0,1.056999087E0,-2.436152220E0,-7.718309402E0,8.162376170E0
2.915555314E0,1.141205072E0,-2.583474159E0,-7.575266361E0,8.084636553E0
2.920547137E0,1.247736216E0,-2.719799995E0,-7.394560814E0,7.977072603E0
2.925538960E0,1.357360840E0,-2.854630232E0,-7.276712894E0,7.933592677E0
2.930530783E0,1.455564737E0,-3.002241611E0,-7.087855339E0,7.833888990E0
2.935522606E0,1.556636572E0,-3.124408484E0,-6.966781616E0,7.792373956E0
2.940514429E0,1.655802727E0,-3.259385109E0,-6.808256149E0,7.727718017E0
2.945506252E0,1.757814407E0,-3.392788649E0,-6.703211308E0,7.715825823E0
2.950498074E0,1.853034019E0,-3.519658327E0,-6.594305038E0,7.701077117E0
2.955489897E0,1.946202755E0,-3.649677277E0,-6.519786358E0,7.721105072E0
2.960481720E0,2.042162180E0,-3.777931213E0,-6.417511463E0,7.721893809E0
2.965473543E0,2.126340628E0,-3.899679899E0,-6.301933289E0,7.709941047E0
2.970465366E0,2.217842817E0,-4.024374962E0,-6.225744724E0,7.737849699E0
2.975457189E0,2.297475576E0,-4.151995659E0,-6.088538170E0,7.719310787E0
2.980449012E0,2.379528522E0,-4.253764629E0,-5.995673656E0,7.726886314E0
2.985440887E0,2.463923454E0,-4.377451420E0,-5.865899563E0,7.722808906E0
2.990432762E0,2.531380415E0,-4.503875732E0,-5.737613201E0,7.720944804E0
2.995424637E0,2.615357161E0,-4.599514961E0,-5.653907299E0,7.743532702E0
3.000416512E0,2.682262897E0,-4.721720695E0,-5.504861355E0,7.732572606E0
3.005408387E0,2.751140833E0,-4.827450752E0,-5.395809174E0,7.745180003E0
3.010400262E0,2.817236423E0,-4.940489769E0,-5.274209976E0,7.756452224E0
3.015392137E0,2.880379438E0,-5.036938667E0,-5.121060371E0,7.739030700E0
3.020384012E0,2.950124264E0,-5.135863304E0,-5.012995243E0,7.759539056E0
3.025375887E0,3.002444267E0,-5.237237930E0,-4.863997459E0,7.752535327E0
3.030367762E0,3.061195135E0,-5.331472397E0,-4.741151333E0,7.763635072E0
3.035359637E0,3.116764545E0,-5.418440819E0,-4.611131191E0,7.767641405E0
3.040351512E0,3.135438204E0,-5.464678764E0,-4.512400627E0,7.749544899E0
3.045343387E0,3.207658529E0,-5.512925625E0,-4.512558460E0,7.813104763E0
3.050335262E0,3.418783665E0,-5.571882725E0,-4.603401184E0,7.995327467E0
3.055327137E0,3.567336321E0,-5.520995617E0,-4.772341728E0,8.122962920E0
3.060319012E0,3.790676117E0,-5.248781204E0,-5.300305367E0,8.367327323E0
3.065310887E0,4.369405746E0,-4.843184948E0,-6.044865608E0,8.893174194E0
3.070302762E0,5.034782410E0,-4.138196468E0,-6.869422913E0,9.469037706E0
3.075294637E0,5.538829803E0,-2.766994953E0,-7.618545532E0,9.817185579E0
3.080286512E0,5.324048042E0,-6.752023697E-1,-7.953235626E0,9.594547552E0
3.085278387E0,4.507878780E0,2.084310532E0,-8.000055313E0,9.416273493E0
3.090270262E0,3.360868692E0,5.262083530E0,-7.849537373E0,1.002996503E1
3.095262137E0,1.875503063E0,8.881077766E0,-7.590540409E0,1.183247048E1
3.100254012E0,-4.239439964E-2,1.271047974E1,-7.291761398E0,1.465359603E1
3.105245887E0,-2.071331978E0,1.618471336E1,-6.930062294E0,1.772741172E1
3.110237762E0,-4.168822765E0,1.881993103E1,-6.678496361E0,2.040027453E1
3.115229637E0,-6.050151348E0,2.037145233E1,-6.299128532E0,2.216482397E1
3.120221512E0,-7.220244408E0,2.033614540E1,-5.773436546E0,2.233882962E1
3.125213387E0,-7.685936928E0,1.902866364E1,-5.230512142E0,2.117833618E1
3.130205262E0,-7.290716171E0,1.629012299E1,-4.881042480E0,1.850262751E1
3.135197137E0,-5.893157005E0,1.237934971E1,-5.095712662E0,1.462682078E1
3.140189012E0,-3.792352676E0,8.097672462E0,-5.788706779E0,1.065191834E1
3.145180887E0,-1.755854845E0,4.299469948E0,-6.464584351E0,7.959856713E0
3.150172762E0,-1.575982571E-1,1.249085903E0,-6.880595684E0,6.994830217E0
3.155164637E0,9.545595646E-1,-1.120418787E0,-7.103625774E0,7.254517307E0
3.160156512E0,1.719741106E0,-2.910126448E0,-7.213757515E0,7.966469914E0
3.165148387E0,2.224612713E0,-4.245408058E0,-7.266494751E0,8.704845620E0
3.170140262E0,2.560706139E0,-5.179854393E0,-7.321985722E0,9.327356666E0
3.175132137E0,2.776339531E0,-5.843582153E0,-7.340015888E0,9.784239716E0
3.180124012E0,2.919689894E0,-6.309129715E0,-7.328436375E0,1.010127153E1
3.185115887E0,3.009906530E0,-6.620125771E0,-7.300142288E0,1.030425543E1
3.190107762E0,3.022941113E0,-6.777243614E0,-7.201132774E0,1.034047954E1
3.195099637E0,2.986601830E0,-6.804929256E0,-6.901325703E0,1.014175276E1
3.200091512E0,2.884152651E0,-6.851963043E0,-6.175522327E0,9.664616396E0
3.205083387E0,2.822367907E0,-7.029116154E0,-4.674384117E0,8.900792177E0
3.210075262E0,2.996424675E0,-7.505934715E0,-1.762120247E0,8.271800563E0
3.215067137E0,3.248538017E0,-8.217857361E0,1.117112160E0,8.906970216E0
3.220058960E0,3.293964386E0,-8.964980125E0,7.943850994E0,1.242279512E1
3.225050783E0,2.008565187E0,-1.003619957E1,1.730389786E1,2.010434075E1
3.230042606E0,-3.062065244E-1,-1.100945282E1,2.601120186E1,2.824684825E1
3.235034429E0,-2.596100330E0,-1.182542706E1,3.355621338E1,3.567351845E1
3.240026252E0,-3.875186443E0,-1.271272755E1,4.100698090E1,4.310687873E1
3.245018074E0,-3.765600443E0,-1.364820862E1,4.542315674E1,4.757852996E1
3.250009897E0,-1.504264355E0,-1.519013500E1,4.527790833E1,4.778171193E1
3.255001720E0,3.614880085E0,-1.631325912E1,3.935028076E1,4.275084066E1
3.259993543E0,7.670844078E0,-1.530006695E1,2.890650940E1,3.359345447E1
3.264985366E0,8.557521820E0,-1.202268410E1,1.837575912E1,2.356787296E1
3.269977189E0,6.915103912E0,-7.624216080E0,1.078009415E1,1.490495766E1
3.274969012E0,4.357875347E0,-3.615981817E0,5.262176037E0,7.730258643E0
3.279960835E0,2.347033501E0,-6.935760379E-1,1.035945892E0,2.657592494E0
3.284952658E0,1.068025827E0,1.253463387E0,-2.010249615E0,2.598644482E0
3.289944481E0,3.156310320E-1,2.495693207E0,-4.007476330E0,4.731593185E0
3.294936304E0,-1.282295883E-1,3.225182533E0,-5.163284302E0,6.089150185E0
3.299928127E0,-3.798867762E-1,3.565747976E0,-5.737529755E0,6.765953021E0
3.304919949E0,-5.117860436E-1,3.650203705E0,-5.941812038E0,6.992212979E0
3.309911772E0,-6.103891134E-1,3.577728748E0,-5.915613174E0,6.940259152E0
3.314903595E0,-7.574712038E-1,3.399911165E0,-5.798131466E0,6.763984554E0
3.319895418E0,-8.965014219E-1,3.206761122E0,-5.584867954E0,6.502136707E0
3.324887241E0,-1.043022156E0,2.973761559E0,-5.185252190E0,6.067783227E0
3.329879064E0,-1.131573319E0,2.642770052E0,-4.518381596E0,5.355414453E0
3.334870887E0,-1.063551307E0,2.069674492E0,-3.489106178E0,4.193871220E0
3.339862710E0,-9.796840549E-1,1.268209338E0,-2.308376312E0,2.810113338E0
3.344854533E0,-1.039292574E0,5.151714087E-1,-1.072025776E0,1.579484061E0
3.349846356E0,-1.190223217E0,-7.099478692E-2,2.916731834E-1,1.227495341E0
3.354838179E0,-1.354668617E0,-4.154810905E-1,1.777913570E0,2.273483728E0
3.359830002E0,-1.438483715E0,-6.111989021E-1,3.357995987E0,3.703908280E0
3.364821824E0,-1.308348894E0,-6.795032620E-1,4.893222332E0,5.110491787E0
3.369813647E0,-8.975524306E-1,-6.559906006E-1,6.139784813E0,6.239621910E0
3.374805470E0,-3.261697888E-1,-5.805313587E-1,6.964065552E0,6.995828214E0
3.379797293E0,3.283635080E-1,-5.067946315E-1,7.294706821E0,7.319659214E0
3.384789116E0,9.684018493E-1,-4.443700314E-1,7.117819309E0,7.197125717E0
3.389780939E0,1.456830740E0,-4.165053368E-1,6.367003441E0,6.544812092E0
3.394772762E0,1.578708410E0,-3.687962592E-1,5.047793865E0,5.301750072E0
3.399764585E0,1.208750129E0,-2.175644338E-1,3.514877796E0,3.723275047E0
3.404756408E0,7.227030993E-1,3.909463808E-2,2.414184093E0,2.520339858E0
3.409748231E0,2.325437665E-1,2.872761190E-1,1.850423336E0,1.886973952E0
3.414740054E0,-2.269364595E-1,4.028224647E-1,1.598261833E0,1.663792951E0
3.419731877E0,-5.827128291E-1,3.477158546E-1,1.451788425E0,1.602544910E0
3.424723699E0,-7.804465294E-1,2.177271843E-1,1.377475739E0,1.598105542E0
3.429715522E0,-7.932230234E-1,8.918832242E-2,1.389597416E0,1.602541201E0
3.434707345E0,-6.452624798E-1,3.808409721E-2,1.531051159E0,1.661906050E0
3.439699168E0,-3.877390027E-1,9.705957025E-2,1.811155319E0,1.854736015E0
3.444690991E0,-1.518112123E-1,1.410068274E-1,2.095730782E0,2.105948024E0
3.449682814E0,1.133279204E-1,1.458504051E-1,2.298592567E0,2.306001594E0
3.454674637E0,3.329917192E-1,1.117668152E-1,2.453249931E0,2.478267647E0
3.459666460E0,4.123327434E-1,7.749530673E-2,2.588422775E0,2.622204469E0
3.464658283E0,2.651743591E-1,7.678311318E-2,2.751963615E0,2.765775990E0
3.469650158E0,2.465802431E-2,5.715040118E-2,2.867373943E0,2.868049427E0
3.474642033E0,-1.529146284E-1,2.826344967E-2,2.901319027E0,2.905483403E0
3.479633908E0,-2.741193473E-1,2.360144258E-2,2.882675171E0,2.895775300E0
3.484625783E0,-3.494348526E-1,4.292996228E-2,2.754173279E0,2.776583899E0
3.489617658E0,-3.072071970E-1,7.183206081E-2,2.539879322E0,2.559398968E0
3.494609533E0,-1.561781168E-1,7.662810385E-2,2.302036762E0,2.308600599E0
3.499601408E0,4.077523947E-3,1.004228815E-1,2.102798462E0,2.105198982E0
3.504593283E0,8.377012610E-2,1.193625331E-1,1.985097885E0,1.990446800E0
3.509585158E0,9.301552176E-2,1.573253572E-1,1.963144779E0,1.971633987E0
3.514577033E0,5.570462346E-2,1.761477739E-1,2.041587830E0,2.049929733E0
3.519568908E0,-9.724617004E-3,1.375631094E-1,2.177280903E0,2.181643946E0
3.524560783E0,-1.040282845E-1,7.516538352E-2,2.331923485E0,2.335452602E0
3.529552658E0,-1.463564485E-1,4.166547954E-2,2.467254162E0,2.471942419E0
3.534544533E0,-1.559500098E-1,4.642627388E-2,2.588085175E0,2.593195071E0
3.539536408E0,-1.038870811E-1,6.548385322E-2,2.632266045E0,2.635129065E0
3.544528283E0,-6.162111461E-2,5.578494072E-2,2.580763817E0,2.582102051E0
3.549520158E0,-1.905712485E-2,5.088467151E-2,2.491072178E0,2.491664708E0
3.554512033E0,-9.425938129E-3,6.515629590E-2,2.401487827E0,2.402390055E0
3.559503908E0,-3.758245707E-2,7.466622442E-2,2.350267410E0,2.351753470E0
3.564495783E0,-8.470608294E-2,1.080712751E-1,2.318245888E0,2.322308876E0
3.569487658E0,-9.853142500E-2,1.126596481E-1,2.286283970E0,2.291177651E0
3.574479533E0,-1.079954952E-1,1.076784208E-1,2.249607563E0,2.254770910E0
3.579471408E0,-8.433465660E-2,1.122677475E-1,2.222564697E0,2.226995782E0
3.584463283E0,-4.173976183E-2,1.025025323E-1,2.205133915E0,2.207909545E0
3.589455158E0,-1.339042187E-2,1.118812189E-1,2.221197128E0,2.224053370E0
3.594447033E0,-3.807216883E-3,1.021601707E-1,2.237226009E0,2.239560540E0
3.599438908E0,-3.213065863E-2,8.288939297E-2,2.291476727E0,2.293200519E0
3.604430783E0,-6.981778145E-2,5.412217230E-2,2.340867519E0,2.342533773E0
3.609422658E0,-1.027913690E-1,4.934548587E-2,2.385416985E0,2.388140539E0
3.614414533E0,-1.121306568E-1,4.931399971E-2,2.429922104E0,2.433007724E0
3.619406408E0,-1.122953445E-1,6.837121397E-2,2.440914631E0,2.444452720E0
3.624398283E0,-9.353381395E-2,7.301671803E-2,2.413650513E0,2.416565499E0
3.629390158E0,-5.567179620E-2,7.765752077E-2,2.372083187E0,2.374006884E0
3.634382033E0,-1.279887557E-2,1.109812409E-1,2.306657791E0,2.309361559E0
3.639373908E0,-1.265919209E-2,1.060031950E-1,2.255658150E0,2.258183035E0
3.644365783E0,-3.614789248E-2,1.106794477E-1,2.214284897E0,2.217343955E0
3.649357658E0,-5.462019145E-2,1.057408303E-1,2.211219311E0,2.214419863E0
3.654349533E0,-8.287326992E-2,1.055958048E-1,2.203390121E0,2.207475137E0
3.659341408E0,-9.228205681E-2,8.154034615E-2,2.205152035E0,2.208587853E0
3.664333283E0,-9.239646792E-2,8.142722398E-2,2.211708546E0,2.215134802E0
3.669325158E0,-6.402131915E-2,7.179100066E-2,2.223049641E0,2.225129745E0
3.674317033E0,-4.516899586E-2,6.217124313E-2,2.253503799E0,2.254813712E0
3.679308908E0,-4.530805349E-2,7.168906927E-2,2.307823658E0,2.309381341E0
3.684300783E0,-5.002722144E-2,7.158995420E-2,2.347720623E0,2.349344583E0
3.689292658E0,-4.497441649E-2,6.670919806E-2,2.387559891E0,2.388915036E0
3.694284533E0,-6.857949495E-2,7.135862857E-2,2.384311199E0,2.386364410E0
3.699276408E0,-8.741112053E-2,8.552527428E-2,2.352381706E0,2.355558314E0
3.704268283E0,-6.812363863E-2,9.967289120E-2,2.296596527E0,2.299767624E0
3.709260106E0,-7.289329171E-2,1.138824150E-1,2.236113071E0,2.240197381E0
3.714251929E0,-4.908677936E-2,1.041648611E-1,2.175720215E0,2.178765312E0
3.719243752E0,-4.439908266E-2,9.449785948E-2,2.120193005E0,2.122762234E0
3.724235574E0,-3.481519222E-2,8.010577410E-2,2.102994442E0,2.104807510E0
3.729227397E0,-4.424992204E-2,8.007591963E-2,2.133637905E0,2.135598492E0
3.734219220E0,-6.319621205E-2,7.996843755E-2,2.188152790E0,2.190525358E0
3.739211043E0,-7.255202532E-2,7.029251009E-2,2.242598534E0,2.244872606E0
3.744202866E0,-7.719527185E-2,4.624630511E-2,2.268286705E0,2.270071014E0
3.749194689E0,-7.713152468E-2,6.048832834E-2,2.313076019E0,2.315152000E0
3.754186512E0,-7.718975842E-2,7.949343324E-2,2.338686466E0,2.341309858E0
3.759178335E0,-7.242512703E-2,7.934366912E-2,2.321227551E0,2.323712150E0
3.764170158E0,-5.328069627E-2,8.880048990E-2,2.270319939E0,2.272680572E0
3.769161981E0,-4.838606715E-2,7.919798791E-2,2.233824253E0,2.235751401E0
3.774153804E0,-3.871563077E-2,8.391231298E-2,2.187817574E0,2.189768461E0
3.779145627E0,-4.814562201E-2,8.379784226E-2,2.156220436E0,2.158385195E0
3.784137449E0,-5.756391585E-2,9.803301841E-2,2.134232998E0,2.137258657E0
3.789129272E0,-6.222805381E-2,8.829692006E-2,2.102715969E0,2.105488809E0
3.794121095E0,-8.131416142E-2,1.025265008E-1,2.114285946E0,2.118331593E0
3.799112918E0,-7.168233395E-2,8.800265938E-2,2.125844955E0,2.128872847E0
3.804104741E0,-6.210446358E-2,6.397622079E-2,2.166086197E0,2.167920509E0
3.809096564E0,-6.214430928E-2,5.915067345E-2,2.215843678E0,2.217503984E0
3.814088387E0,-5.261926353E-2,6.867475063E-2,2.265539169E0,2.267190494E0
3.819080210E0,-6.219494343E-2,8.775227517E-2,2.296043873E0,2.298561754E0
3.824072033E0,-5.728976429E-2,6.846793741E-2,2.273904800E0,2.275656612E0
3.829063856E0,-6.187376380E-2,7.307880372E-2,2.237449646E0,2.239497665E0
3.834055679E0,-5.688719451E-2,8.254595101E-2,2.186698914E0,2.188995689E0
3.839047502E0,-6.151267886E-2,8.243816346E-2,2.155148029E0,2.157601189E0
3.844039324E0,-6.143179536E-2,8.715368062E-2,2.142773628E0,2.145425005E0
3.849031147E0,-4.704469442E-2,9.186004102E-2,2.120855808E0,2.123365449E0
3.854022970E0,-6.619295478E-2,1.013033390E-1,2.118101120E0,2.121555144E0
3.859014793E0,-5.666427314E-2,9.634706378E-2,2.124919891E0,2.127857641E0
3.864006616E0,-5.188895762E-2,8.665452152E-2,2.117384911E0,2.119792520E0
3.868998439E0,-5.182068050E-2,8.171751350E-2,2.128989220E0,2.131187048E0
3.873990262E0,-7.558171451E-2,6.252229959E-2,2.159706593E0,2.161932978E0
3.878982085E0,-6.105479598E-2,4.339454323E-2,2.190387726E0,2.191668124E0
3.883973908E0,-5.583749712E-2,4.311425984E-2,2.195878029E0,2.197010920E0
3.888965731E0,-5.074457824E-2,5.707887560E-2,2.182331085E0,2.183667094E0
3.893957554E0,-5.515046418E-2,8.509104699E-2,2.154651165E0,2.157035860E0
3.898949377E0,-5.468939245E-2,7.946634293E-2,2.084463596E0,2.086694590E0
3.903941199E0,-5.415041745E-2,7.393078506E-2,2.024354935E0,2.026428121E0
3.908933022E0,-5.361576378E-2,7.327190042E-2,1.983739853E0,1.985816514E0
3.913924845E0,-6.266528368E-2,6.795396656E-2,1.971956730E0,1.974122089E0
3.918916668E0,-7.163898647E-2,9.595971555E-2,1.988762379E0,1.992364477E0
3.923908491E0,-6.158533692E-2,9.524124861E-2,2.024423122E0,2.027597748E0
3.928900314E0,-5.644708872E-2,1.039013937E-1,2.021803856E0,2.025258651E0
3.933892137E0,-4.185488820E-2,5.550728738E-2,1.971721172E0,1.972946343E0
3.938883960E0,-3.204971552E-2,3.600737453E-2,1.941046715E0,1.941645195E0
3.943875783E0,-3.652963042E-2,4.049437493E-2,1.924870968E0,1.925643386E0
3.948867606E0,-5.509212613E-2,6.868655980E-2,1.927819252E0,1.929829022E0
3.953859481E0,-5.917024612E-2,9.185345471E-2,1.925992012E0,1.929088750E0
3.958851356E0,-6.329846382E-2,7.209230959E-2,1.881446362E0,1.883890763E0
3.963843231E0,-7.230900228E-2,5.245372653E-2,1.861021042E0,1.863163789E0
3.968835106E0,-5.762860179E-2,5.201490968E-2,1.840769768E0,1.842406021E0
3.973826981E0,-4.307042062E-2,5.628444999E-2,1.830184937E0,1.831556688E0
3.978818856E0,-3.813087940E-2,9.380017221E-2,1.819687843E0,1.822502753E0
3.983810731E0,-4.260386527E-2,8.352282643E-2,1.809273720E0,1.811701561E0
3.988802606E0,-3.745666146E-2,6.853706390E-2,1.784698486E0,1.786406734E0
3.993794481E0,-3.230971098E-2,6.317309290E-2,1.779319763E0,1.780733999E0
3.998786356E0,-5.090576410E-2,5.314945430E-2,1.769235611E0,1.770765628E0
4.003778231E0,-5.989187956E-2,5.745330453E-2,1.763986588E0,1.765937881E0
4.008770106E0,-5.468598008E-2,6.172128767E-2,1.754036903E0,1.755974240E0
4.013761981E0,-5.906301737E-2,6.116078049E-2,1.715681076E0,1.717786551E0
4.018753856E0,-5.386421084E-2,5.585787445E-2,1.677642822E0,1.679436481E0
4.023745731E0,-4.391674697E-2,5.538913608E-2,1.668411255E0,1.669908007E0
4.028737606E0,-3.405264020E-2,5.971743912E-2,1.654506683E0,1.655934214E0
4.033729481E0,-4.326476157E-2,5.455596000E-2,1.659711838E0,1.661171748E0
4.038721356E0,-4.285933077E-2,6.359504908E-2,1.664873123E0,1.666638464E0
4.043713231E0,-4.725003242E-2,6.781332940E-2,1.646250725E0,1.648324198E0
4.048705106E0,-4.210664332E-2,6.245449930E-2,1.632532120E0,1.634268844E0
4.053696981E0,-4.650315642E-2,6.668077409E-2,1.609430313E0,1.611482175E0
4.058688856E0,-3.661750257E-2,6.137480587E-2,1.586521149E0,1.588130052E0
4.063680731E0,-4.105971754E-2,6.090520322E-2,1.563801765E0,1.565525888E0
4.068672606E0,-3.596843779E-2,4.623930156E-2,1.565014839E0,1.566110867E0
4.073664481E0,-4.991257191E-2,5.539146811E-2,1.547224045E0,1.549019601E0
4.078656356E0,-4.945114255E-2,4.542959481E-2,1.539076805E0,1.540541033E0
4.083648231E0,-3.949747980E-2,4.500676692E-2,1.516753197E0,1.517934755E0
4.088640106E0,-4.396021366E-2,4.937987030E-2,1.518361092E0,1.519799749E0
4.093631981E0,-5.313277245E-2,4.421510547E-2,1.491464615E0,1.493065559E0
4.098623856E0,-4.323598742E-2,6.279470026E-2,1.479037285E0,1.481000950E0
4.103615731E0,-2.871790528E-2,5.277405679E-2,1.480959892E0,1.482178134E0
4.108607606E0,-3.797443211E-2,6.657794118E-2,1.463870049E0,1.465875233E0
4.113599481E0,-3.286455572E-2,6.122995168E-2,1.451670647E0,1.453333015E0
4.118591356E0,-3.729309142E-2,6.550927460E-2,1.449068069E0,1.451027398E0
4.123583231E0,-4.168522358E-2,6.491707265E-2,1.446488380E0,1.448544276E0
4.128575106E0,-4.129272699E-2,6.437572092E-2,1.424935341E0,1.426986352E0
4.133566981E0,-4.565140605E-2,4.959190637E-2,1.403561592E0,1.405179188E0
4.138558856E0,-4.056647420E-2,4.447438568E-2,1.377620697E0,1.378935239E0
4.143550731E0,-4.031613469E-2,4.884894192E-2,1.375639915E0,1.377097232E0
4.148542606E0,-4.477173090E-2,4.373481125E-2,1.373674393E0,1.375099480E0
4.153534481E0,-4.444283247E-2,3.866627812E-2,1.366976738E0,1.368245464E0
4.158526356E0,-3.457377851E-2,2.884373069E-2,1.365081787E0,1.365824144E0
4.163518231E0,-3.423850238E-2,3.330214322E-2,1.339459419E0,1.340310727E0
4.168510106E0,-2.915851772E-2,5.197174102E-2,1.337793350E0,1.339119983E0
4.173501981E0,-3.366340697E-2,5.624166131E-2,1.321897507E0,1.323521578E0
4.178493856E0,-2.867887914E-2,6.043080240E-2,1.296639442E0,1.298363664E0
4.183485731E0,-5.213551223E-2,7.416938245E-2,1.281084061E0,1.284287966E0
4.188477606E0,-3.270642459E-2,5.935059488E-2,1.270407677E0,1.272213767E0
4.193469481E0,-3.718176484E-2,5.410706252E-2,1.255072594E0,1.256788476E0
4.198461356E0,-5.111680925E-2,3.475240618E-2,1.263607025E0,1.265117928E0
4.203453231E0,-3.174106777E-2,3.450630605E-2,1.253077507E0,1.253954313E0
4.208445054E0,-4.106277227E-2,4.371240735E-2,1.252135277E0,1.253570771E0
4.213436877E0,-3.601643443E-2,4.804921895E-2,1.241703033E0,1.243154188E0
4.218428699E0,-2.621756494E-2,3.330884874E-2,1.221859932E0,1.222595000E0
4.223420522E0,-3.549435735E-2,4.247929156E-2,1.206930161E0,1.208198970E0
4.228412345E0,-3.040377796E-2,4.217048734E-2,1.196870804E0,1.197999358E0
4.233404168E0,-3.485205770E-2,5.601692200E-2,1.191644669E0,1.193469555E0
4.238395991E0,-4.405745864E-2,5.559397489E-2,1.186461449E0,1.188580043E0
4.243387814E0,-4.373496771E-2,4.558593035E-2,1.162330627E0,1.164046095E0
4.248379637E0,-1.492479444E-2,4.515966028E-2,1.143149376E0,1.144138383E0
4.253371460E0,-1.484459639E-2,4.952847958E-2,1.128875732E0,1.130059225E0
4.258363283E0,-3.371375799E-2,5.386230350E-2,1.128965378E0,1.130752223E0
4.263355106E0,-2.393524349E-2,3.441894799E-2,1.114809036E0,1.115597036E0
4.268346929E0,-3.323161602E-2,3.413017839E-2,1.115015984E0,1.116033088E0
4.273338752E0,-2.815826237E-2,3.859088570E-2,1.110470772E0,1.111497854E0
4.278330574E0,-4.691644013E-2,4.301584512E-2,1.115462303E0,1.117276897E0
4.283322397E0,-2.757711709E-2,4.265683889E-2,1.115664482E0,1.116820191E0
4.288314220E0,-3.688940406E-2,3.275614232E-2,1.087375641E0,1.088494179E0
4.293306043E0,-4.132872820E-2,3.247980773E-2,1.083063126E0,1.084337925E0
4.298297866E0,-2.673764527E-2,4.170417041E-2,1.069289207E0,1.070436149E0
4.303289689E0,-3.130859137E-2,4.610317945E-2,1.050882339E0,1.052358980E0
4.308281512E0,-3.109237552E-2,4.571560770E-2,1.042125702E0,1.043591218E0
4.313273335E0,-2.133448422E-2,5.482824892E-2,1.038189888E0,1.039855538E0
4.318265158E0,-2.590401471E-2,4.012387246E-2,1.020041466E0,1.021158918E0
4.323256981E0,-2.568696439E-2,4.458265007E-2,1.021037102E0,1.022332723E0
4.328248804E0,-2.551837265E-2,4.895764589E-2,1.012529373E0,1.014033417E0
4.333240627E0,-3.000634909E-2,3.900397569E-2,1.008839607E0,1.010039130E0
4.338232449E0,-2.975511551E-2,3.397520632E-2,1.009928703E0,1.010938014E0
4.343224272E0,-2.000959218E-2,3.364471346E-2,1.001513481E0,1.002278207E0
4.348216095E0,-2.938428521E-2,2.381572127E-2,9.836721420E-1,9.843990592E-1
4.353207918E0,-3.388798237E-2,3.311505914E-2,9.659776688E-1,9.671390071E-1
4.358199741E0,-2.885529399E-2,3.758420050E-2,9.531793594E-1,9.543563755E-1
4.363191564E0,-2.861303091E-2,4.196915776E-2,9.499855042E-1,9.513425113E-1
4.368183387E0,-2.362428606E-2,3.682050854E-2,9.468183517E-1,9.478284908E-1
4.373175210E0,-3.762468696E-2,5.550567806E-2,9.436759949E-1,9.460554321E-1
4.378167033E0,-3.251373768E-2,4.554272443E-2,9.168167114E-1,9.185228169E-1
4.383158856E0,-1.799546182E-2,3.086717427E-2,9.091777802E-1,9.098795827E-1
4.388150679E0,-8.346647024E-3,2.585805207E-2,9.063501358E-1,9.067573402E-1
4.393142502E0,-2.717489004E-2,3.997907788E-2,9.082908630E-1,9.095763262E-1
4.398134324E0,-3.174236417E-2,4.923400283E-2,9.007215500E-1,9.026244376E-1
4.403126147E0,-7.828712463E-3,4.891627282E-2,8.884687424E-1,8.898487493E-1
4.408117970E0,-1.740188897E-2,4.375951737E-2,8.715715408E-1,8.728428678E-1
4.413109793E0,-2.200354636E-2,2.439744771E-2,8.358173370E-1,8.364627980E-1
4.418101616E0,-2.158258855E-2,2.903679758E-2,8.573350906E-1,8.580981304E-1
4.423093439E0,-3.061261773E-2,4.313041270E-2,8.881692886E-1,8.897426876E-1
4.428085262E0,-4.441125691E-2,3.336554021E-2,8.902578354E-1,8.919891437E-1
4.433077085E0,-2.969813347E-2,1.427879184E-2,8.685874939E-1,8.692123432E-1
4.438068908E0,-1.045289636E-2,1.443760842E-2,8.613452911E-1,8.615296966E-1
4.443060731E0,-3.410324454E-2,-4.258625209E-3,8.399162292E-1,8.406190810E-1
4.448052606E0,-5.760478973E-2,1.528592408E-2,8.519048691E-1,8.539870475E-1
4.453044481E0,-1.467178762E-2,4.431217164E-2,8.590497971E-1,8.603170251E-1
4.458036356E0,3.720873594E-2,5.870980024E-2,8.139095306E-1,8.168721165E-1
4.463028231E0,4.136124253E-2,1.600859314E-2,7.074098587E-1,7.087987977E-1
4.468020106E0,3.641325235E-2,-4.523762316E-2,6.160297394E-1,6.187608644E-1
4.473011981E0,-2.504333854E-2,-9.149271250E-2,6.393585205E-1,6.463570244E-1
4.478003856E0,-7.174439728E-2,-1.135659814E-1,7.194747925E-1,7.319074174E-1
4.482995731E0,-9.479266405E-2,-1.213992909E-1,8.036880493E-1,8.183140703E-1
4.487987606E0,-9.927870333E-2,-1.295951754E-1,8.539838791E-1,8.694478916E-1
4.492979481E0,-9.475749731E-2,-1.146046221E-1,8.611469269E-1,8.738920027E-1
4.497971356E0,-7.156984508E-2,-1.002642512E-1,8.302774429E-1,8.393663056E-1
4.502963231E0,-2.497977018E-2,-6.272952259E-2,7.949256897E-1,7.977880884E-1
4.507955106E0,2.601626515E-2,-1.159655303E-2,7.646198273E-1,7.651501855E-1
4.512946981E0,5.308294296E-2,5.786561966E-2,7.203187943E-1,7.245863607E-1
4.517938856E0,8.040180802E-2,1.503034234E-1,7.001180649E-1,7.205698263E-1
4.522930731E0,1.032245755E-1,2.893116176E-1,6.943206787E-1,7.592349636E-1
4.527922606E0,1.405369937E-1,4.224087894E-1,6.743144989E-1,8.080098238E-1
4.532914481E0,1.019499004E-1,4.784634709E-1,6.117286682E-1,7.832834983E-1
4.537906356E0,2.124083042E-2,4.205129147E-1,5.116605759E-1,6.626302356E-1
4.542898231E0,-8.224461973E-2,2.641391158E-1,4.551429749E-1,5.326244245E-1
4.547890106E0,-1.374297589E-1,9.108646214E-2,5.320405960E-1,5.570016858E-1
4.552881981E0,-1.737377495E-1,1.017346978E-3,7.412586212E-1,7.613476106E-1
4.557873856E0,-1.965100169E-1,-2.541705966E-3,9.725008011E-1,9.921594908E-1
4.562865731E0,-1.864808500E-1,-3.960250318E-2,1.078377724E0,1.095099073E0
4.567857606E0,-1.435866505E-1,-1.055238247E-1,9.887027740E-1,1.004632062E0
4.572849481E0,-7.740415633E-2,-1.857739091E-1,7.810754776E-1,8.065867904E-1
4.577841356E0,-2.276569605E-3,-1.851174533E-1,5.846824646E-1,6.132921316E-1
4.582833231E0,2.469062805E-2,-1.229306236E-1,4.421644211E-1,4.595986734E-1
4.587825106E0,3.738042712E-2,-4.236422479E-2,3.910512924E-1,3.951115503E-1
4.592816981E0,6.445163488E-2,2.827748656E-2,4.590663910E-1,4.644303832E-1
4.597808856E0,6.314438581E-2,6.543347239E-2,5.834817886E-1,5.905249787E-1
4.602800731E0,4.328811169E-2,6.468601525E-2,7.353334427E-1,7.394412844E-1
4.607792606E0,-4.553407431E-3,2.619984746E-2,8.764076233E-1,8.768109760E-1
4.612784481E0,-8.921265602E-3,-2.366930246E-3,9.640617371E-1,9.641059196E-1
4.617776356E0,-3.657937050E-3,2.599410713E-2,9.465208054E-1,9.468847391E-1
4.622768231E0,6.163299084E-3,6.317822635E-2,8.294191360E-1,8.318446837E-1
4.627760106E0,2.501109242E-2,1.043585241E-1,6.135921478E-1,6.229057554E-1
4.632751981E0,2.896875143E-2,1.070103347E-1,3.853359222E-1,4.009665488E-1
4.637743856E0,1.355734468E-2,1.049399376E-1,2.159729004E-1,2.405004902E-1
4.642735731E0,-6.377339363E-3,1.125804037E-1,1.572313309E-1,1.934856821E-1
4.647727606E0,-2.160042524E-3,1.109546572E-1,2.224283218E-1,2.485758639E-1
4.652719481E0,1.651346684E-2,1.142834425E-1,3.820419312E-1,3.991108079E-1
4.657711356E0,1.937657595E-3,8.454179764E-2,6.067962646E-1,6.126604091E-1
4.662703231E0,-2.181902528E-2,3.125786781E-2,8.059301376E-1,8.068311539E-1
4.667695106E0,-5.012787879E-2,2.016231418E-3,9.226837158E-1,9.240465945E-1
4.672686981E0,-6.395277381E-2,-3.188192844E-2,9.387474060E-1,9.414632796E-1
4.677678856E0,-5.401889980E-2,-2.780288458E-2,8.834581375E-1,8.855446475E-1
4.682670731E0,-1.122280955E-2,-9.660288692E-3,7.716588974E-1,7.718009631E-1
4.687662606E0,7.278323174E-3,-1.069858670E-3,6.038131714E-1,6.038579837E-1
4.692654481E0,-7.662802935E-3,1.234288514E-2,4.706048965E-1,4.708290922E-1
4.697646356E0,1.310259104E-3,-7.396504283E-3,3.669929504E-1,3.670698172E-1
4.702638231E0,2.939817309E-2,6.466031075E-3,3.069715500E-1,3.084438274E-1
4.707630054E0,3.360947967E-2,2.040675282E-2,2.901811600E-1,2.928329529E-1
4.712621877E0,-1.900044084E-2,2.933660150E-2,3.162631989E-1,3.181887237E-1
4.717613699E0,-2.819029987E-2,3.804573417E-2,3.421230316E-1,3.453843361E-1
4.722605522E0,-6.104342639E-2,3.213694692E-2,3.962640762E-1,4.022241929E-1
4.727597345E0,-6.997868419E-2,2.608013153E-2,4.499607086E-1,4.561160256E-1
4.732589168E0,-6.488776207E-2,1.027794182E-2,4.984760284E-1,5.027866433E-1
4.737580991E0,-5.538652837E-2,-5.540996790E-3,5.560951233E-1,5.588740076E-1
4.742572814E0,-2.736605704E-2,-1.657752693E-2,5.942535400E-1,5.951142624E-1
4.747564637E0,-1.876908541E-2,-1.332965493E-2,6.083583832E-1,6.087937916E-1
4.752556460E0,-1.024520397E-2,-1.005895436E-2,6.223449707E-1,6.225105697E-1
4.757548283E0,1.250287890E-2,-6.768479943E-3,6.124706268E-1,6.126356201E-1
4.762540106E0,1.606592536E-2,-3.194640577E-2,5.599412918E-1,5.610819344E-1
4.767531929E0,-4.092454910E-3,-5.207085609E-2,4.983501434E-1,5.010798217E-1
4.772523752E0,-9.740710258E-3,-6.712841243E-2,4.515113831E-1,4.565781797E-1
4.777515574E0,3.651708364E-3,-6.311647594E-2,4.145622253E-1,4.193552947E-1
4.782507397E0,-2.109348774E-3,-6.384044886E-2,4.016637802E-1,4.067110087E-1
4.787499220E0,-2.201971412E-2,-6.465640664E-2,4.031190872E-1,4.088646686E-1
4.792491043E0,-1.802191138E-2,-7.031361014E-2,4.140605927E-1,4.203747940E-1
4.797482866E0,-4.562705755E-3,-7.592123002E-2,4.439058304E-1,4.503745527E-1
4.802474689E0,-2.920305729E-2,-1.100247800E-1,4.735040665E-1,4.869952482E-1
4.807466512E0,-5.373662710E-2,-1.154048741E-1,4.886140823E-1,5.049253722E-1
4.812458335E0,-6.842131913E-2,-9.714563191E-2,5.178422928E-1,5.312997185E-1
4.817450158E0,-5.909261107E-2,-7.443972677E-2,5.468254089E-1,5.550236369E-1
4.822441981E0,-4.994228482E-2,-1.408340037E-2,5.518312454E-1,5.542655477E-1
4.827433804E0,-4.091526568E-2,5.041357875E-2,5.473012924E-1,5.511390864E-1
4.832425627E0,-5.090609193E-2,9.062650800E-2,5.095691681E-1,5.200628147E-1
4.837417449E0,-7.026113570E-2,8.796581626E-2,4.958887100E-1,5.085078414E-1
4.842409272E0,-7.995814085E-2,2.864298224E-2,4.728202820E-1,4.803881179E-1
4.847401095E0,-7.543073595E-2,3.454551101E-3,4.594354630E-1,4.655992638E-1
4.852392918E0,-3.310278058E-2,-1.157936454E-2,4.983901978E-1,4.996225225E-1
4.857384741E0,3.925353289E-3,6.899058819E-3,5.322761536E-1,5.323353352E-1
4.862376564E0,2.150079608E-2,3.472016752E-2,5.183992386E-1,5.200053315E-1
4.867368387E0,2.928477526E-2,5.260956287E-2,4.714069366E-1,4.752366401E-1
4.872360210E0,5.114904046E-2,5.120581388E-2,3.820762634E-1,3.888708408E-1
4.877352033E0,6.328159571E-2,8.765475452E-2,3.077411652E-1,3.261786950E-1
4.882343856E0,6.591656804E-2,1.094028354E-1,2.577695847E-1,2.876788715E-1
4.887335679E0,3.088855743E-2,9.763312340E-2,2.271995544E-1,2.492106886E-1
4.892327502E0,2.504163980E-2,7.666543126E-2,2.348566055E-1,2.483189426E-1
4.897319324E0,1.489320397E-2,9.406165779E-2,2.899169922E-1,3.051577712E-1
4.902311147E0,2.406966686E-2,1.067687124E-1,3.919916153E-1,4.069844386E-1
4.907302970E0,9.579271078E-3,1.147678345E-1,4.599676132E-1,4.741662404E-1
4.912294793E0,-9.491145611E-3,8.966374397E-2,5.178747177E-1,5.256651901E-1
4.917286616E0,-3.779846430E-2,4.597309232E-2,5.325546265E-1,5.358700209E-1
4.922278439E0,-3.258261085E-2,-2.564121783E-2,5.281124115E-1,5.297374989E-1
4.927270262E0,-4.645308852E-2,-8.216451108E-2,5.047092438E-1,5.134591679E-1
4.932262085E0,-5.071091652E-2,-1.096755788E-1,5.052413940E-1,5.194893607E-1
4.937253960E0,-8.812145889E-2,-7.063016295E-2,4.772796631E-1,4.904588548E-1
4.942245835E0,-9.192830324E-2,-4.171098769E-2,4.020719528E-1,4.145509313E-1
4.947237710E0,-9.590393305E-2,-5.607020855E-2,2.800197601E-1,3.012515539E-1
4.952229585E0,-5.761380494E-2,-6.575885415E-2,1.732492447E-1,1.940589555E-1
4.957221460E0,-5.998134613E-3,-4.692760110E-2,1.433658600E-1,1.509700208E-1
4.962213335E0,3.524100780E-2,1.932881773E-2,1.897182465E-1,1.939292264E-1
4.967205210E0,3.345108032E-2,8.962930739E-2,2.784242630E-1,2.944018644E-1
4.972197085E0,2.258032560E-2,1.355007887E-1,3.426380157E-1,3.691492174E-1
4.977188960E0,1.230311394E-2,1.381010115E-1,3.493223190E-1,3.758315295E-1
4.982180835E0,2.140444517E-2,1.027447283E-1,3.416948318E-1,3.574492797E-1
4.987172710E0,2.573159337E-2,7.253168523E-2,3.483724594E-1,3.567720992E-1
4.992164585E0,2.517005801E-2,6.182029843E-2,3.739862442E-1,3.798960278E-1
4.997156460E0,2.451378107E-2,3.720219433E-2,3.898859024E-1,3.924231716E-1
5.002148335E0,2.871188521E-2,2.248725295E-2,4.151430130E-1,4.167418507E-1
5.007140210E0,-2.676248550E-4,-6.787508726E-2,3.974447250E-1,4.031989689E-1
5.012132085E0,-3.134310246E-4,-1.383394003E-1,3.798847198E-1,4.042898568E-1
5.017123960E0,1.863512397E-2,-1.275926083E-1,3.719692230E-1,3.936854638E-1
5.022115835E0,8.784860373E-3,-5.055868626E-2,3.783731461E-1,3.818371278E-1
5.027107710E0,-1.084089279E-3,4.442429543E-2,3.514966965E-1,3.542945398E-1
5.032099585E0,-1.102083921E-2,8.127930760E-2,2.821207047E-1,2.938024451E-1
5.037091460E0,2.640607953E-2,8.923844993E-2,1.848411560E-1,2.069469375E-1
5.042083335E0,4.917353392E-2,7.834042609E-2,1.263599396E-1,1.565953164E-1
5.047075210E0,5.295759439E-2,4.409472644E-2,1.585731506E-1,1.728996698E-1
5.052067085E0,1.338124275E-4,2.952846885E-2,2.712192535E-1,2.728219783E-1
5.057058960E0,-3.275269270E-2,2.943159640E-2,3.924045563E-1,3.948674379E-1
5.062050835E0,-4.142194986E-2,4.348181188E-2,4.460973740E-1,4.501214424E-1
5.067042710E0,-4.067194462E-2,1.917302608E-2,4.376230240E-1,4.399269520E-1
5.072034585E0,-3.078445792E-2,4.412218928E-3,3.580064774E-1,3.593546832E-1
5.077026460E0,-1.663482189E-2,4.195730388E-2,2.933130264E-1,2.967653351E-1
5.082018335E0,-2.805292606E-3,8.393792808E-2,2.339143753E-1,2.485344652E-1
5.087010210E0,-1.743054390E-2,6.393913925E-2,1.939983368E-1,2.050058342E-1
5.092002085E0,-1.253449917E-2,1.111856103E-2,2.018795013E-1,2.025736141E-1
5.096993960E0,-1.222679019E-2,-3.630955517E-2,2.381744385E-1,2.412362770E-1
5.101985835E0,-1.187106967E-2,-2.156135440E-2,3.121519089E-1,3.131207890E-1
5.106977710E0,-5.440399051E-2,2.129890025E-2,3.522853851E-1,3.570972275E-1
5.111969585E0,-4.450190067E-2,6.619229913E-3,3.113689423E-1,3.146026884E-1
5.116961460E0,-1.119527221E-2,-3.182917833E-2,2.090759277E-1,2.117809582E-1
5.121953335E0,2.628102899E-2,-5.551260710E-2,1.741189957E-1,1.846341428E-1
5.126945210E0,3.485146165E-2,-3.146144748E-2,2.154312134E-1,2.204882191E-1
5.131937085E0,2.930861712E-2,2.572835982E-2,2.801332474E-1,2.828348985E-1
5.136928960E0,3.361019492E-2,6.340017915E-2,3.157958984E-1,3.238460705E-1
5.141920835E0,4.292827845E-2,4.847395420E-2,2.894220352E-1,2.965765935E-1
5.146912710E0,2.867826819E-2,-8.961454034E-3,2.300176620E-1,2.319717129E-1
5.151904585E0,-1.848968863E-2,-4.651886225E-2,2.233257294E-1,2.288673295E-1
5.156896460E0,-4.131925106E-2,-5.501881242E-2,2.974004745E-1,3.052562735E-1
5.161888335E0,-6.395711005E-2,-4.435402155E-2,3.803529739E-1,3.882346918E-1
5.166880210E0,-9.610591829E-2,-4.812481999E-2,4.293832779E-1,4.426311615E-1
5.171872085E0,-9.499953687E-2,-1.423272491E-2,4.257888794E-1,4.364901514E-1
5.176863960E0,-8.475930989E-2,9.472370148E-3,3.272762299E-1,3.382064415E-1
5.181855835E0,-5.591380596E-2,4.222144186E-2,1.916122437E-1,2.040202337E-1
5.186847710E0,-3.821343184E-3,5.095665157E-2,8.082962036E-2,9.562745699E-2
5.191839585E0,4.298815131E-2,5.976973474E-2,3.270053864E-2,8.055884539E-2
5.196831460E0,5.141955614E-2,5.916471779E-2,3.245353699E-2,8.483906322E-2
5.201823283E0,3.639116883E-2,6.821738183E-2,9.392356873E-2,1.216534632E-1
5.206815106E0,3.134173155E-2,7.719293237E-2,1.643676758E-1,1.842763842E-1
5.211806929E0,2.643600106E-2,5.280336738E-2,2.199773788E-1,2.277654604E-1
5.216798752E0,7.277309895E-3,-1.407186687E-2,2.276382446E-1,2.281888409E-1
5.221790574E0,7.114887238E-3,-6.588372588E-2,2.732219696E-1,2.811432582E-1
5.226782397E0,1.655367017E-2,-3.163988888E-2,3.516578674E-1,3.534662110E-1
5.231774220E0,-1.677185297E-2,3.550738096E-2,4.294404984E-1,4.312322005E-1
5.236766043E0,-4.011797905E-2,1.166866720E-2,4.258489609E-1,4.278936171E-1
5.241757866E0,-3.472882509E-2,-5.955643952E-2,3.320665359E-1,3.391478219E-1
5.246749689E0,-1.524195075E-2,-1.016444564E-1,2.580614090E-1,2.777761750E-1
5.251741512E0,-1.046714187E-2,-1.052713394E-2,2.226734161E-1,2.231677214E-1
5.256733335E0,-1.068308949E-2,6.532914937E-2,1.875934601E-1,1.989304713E-1
5.261725158E0,-2.979066968E-2,7.382135093E-2,8.158111572E-2,1.139848863E-1
5.266716981E0,-1.059827209E-2,1.581463218E-2,-2.830314636E-2,3.411002867E-2
5.271708804E0,3.677365184E-2,-3.467708826E-3,-4.230213165E-2,5.615867534E-2
5.276700627E0,1.721969247E-2,7.258601487E-2,8.626651764E-2,1.140489344E-1
5.281692449E0,-6.870180368E-3,1.574536264E-1,2.185125351E-1,2.694189523E-1
5.286684272E0,-2.105736732E-2,9.890270233E-2,2.451887131E-1,2.652219114E-1
5.291676095E0,-6.585597992E-3,7.652729750E-3,2.431488037E-1,2.433583266E-1
5.296667918E0,1.246431470E-2,-2.100607753E-2,2.506227493E-1,2.518102002E-1
5.301659741E0,1.220989227E-2,2.675214410E-2,3.007707596E-1,3.022049114E-1
5.306651564E0,-2.128323913E-2,8.841052651E-2,3.457498550E-1,3.575085450E-1
5.311643387E0,-6.656557322E-3,5.458673835E-2,3.286123276E-1,3.331817576E-1
5.316635210E0,-1.495689154E-3,-3.113757074E-2,2.546300888E-1,2.565312213E-1
5.321627033E0,-5.924493074E-3,-4.941500723E-2,2.002534866E-1,2.063453452E-1
5.326618856E0,-5.669891834E-3,-2.000401914E-2,1.843204498E-1,1.854894517E-1
5.331610679E0,-1.496666670E-2,4.364043474E-3,1.827688217E-1,1.834325167E-1
5.336602502E0,-1.938518882E-2,-3.795152903E-2,1.432399750E-1,1.494449549E-1
5.341594324E0,-9.522557259E-3,-8.001488447E-2,1.325340271E-1,1.551074762E-1
5.346586147E0,2.379739285E-2,-3.169983625E-3,1.599159241E-1,1.617079697E-1
5.351577970E0,1.869848371E-2,1.249105632E-1,1.680889130E-1,2.102526213E-1
5.356569793E0,-2.414169908E-2,1.139619052E-1,8.597183228E-2,1.447801555E-1
5.361561616E0,-9.337604046E-3,4.627731442E-2,-4.970550537E-3,4.747090743E-2
5.366553439E0,2.433833480E-2,2.235136926E-2,3.304290771E-2,4.673084633E-2
5.371545262E0,9.942173958E-3,6.546138227E-2,1.704587936E-1,1.828667267E-1
5.376537085E0,-9.185910225E-3,7.967172563E-2,2.782421112E-1,2.895697451E-1
5.381528908E0,-4.308670759E-3,8.186936378E-3,2.949056625E-1,2.950507420E-1
5.386520731E0,1.017826796E-2,-3.906175494E-2,2.781887054E-1,2.811020699E-1
5.391512554E0,5.600422621E-3,-6.692101061E-2,2.283706665E-1,2.380398028E-1
5.396504377E0,-1.313358545E-2,-8.959497511E-2,2.074518204E-1,2.263537241E-1
5.401496199E0,-3.116905689E-3,-8.813443780E-2,2.056932449E-1,2.238014862E-1
5.406488022E0,-1.207524538E-2,-4.394944012E-2,2.609281540E-1,2.648789655E-1
5.411479845E0,-3.515195847E-2,1.385554671E-2,2.967128754E-1,2.991089547E-1
5.416471668E0,-6.748449802E-2,4.713258147E-2,2.324867249E-1,2.466286985E-1
5.421463491E0,-5.216357112E-2,2.764129639E-2,1.118240356E-1,1.264503632E-1
5.426455366E0,-2.318435907E-2,-3.427211940E-2,-2.206897736E-2,4.689490842E-2
5.431447241E0,-1.864865422E-2,-5.272988975E-2,-5.036926270E-2,7.526802908E-2
5.436439116E0,-1.425313950E-2,-3.284110129E-2,2.288818359E-3,3.587378721E-2
5.441430991E0,9.304493666E-3,-3.621041775E-3,1.162328720E-1,1.166609021E-1
5.446422866E0,5.186462402E-2,1.075167954E-2,1.959896088E-1,2.030208477E-1
5.451414741E0,3.233832121E-2,1.520200074E-2,1.896162033E-1,1.929538090E-1
5.456406616E0,8.226215839E-3,-2.802342176E-2,1.263170242E-1,1.296494250E-1
5.461398491E0,1.770699024E-2,-2.799691260E-2,7.778263092E-2,8.454290208E-2
5.466390366E0,2.716121078E-2,7.236301899E-4,1.151199341E-1,1.182829414E-1
5.471382241E0,-1.564684510E-2,1.521709561E-2,1.758794785E-1,1.772285945E-1
5.476374116E0,-6.259043515E-2,1.098826528E-3,2.408742905E-1,2.488758602E-1
5.481365991E0,-5.215954781E-2,-3.669708967E-2,2.673397064E-1,2.748414333E-1
5.486357866E0,-2.793002129E-2,2.069109678E-2,3.125934601E-1,3.145200770E-1
5.491349741E0,-9.159952402E-3,1.057283431E-1,2.862672806E-1,3.053053278E-1
5.496341616E0,-4.288375378E-2,1.470655650E-1,1.557025909E-1,2.184275476E-1
5.501333491E0,4.654437304E-3,1.311275363E-1,7.222175598E-3,1.314087302E-1
5.506325366E0,5.674892664E-2,5.395241082E-2,-8.305358887E-2,1.141455296E-1
5.511317241E0,4.688391089E-2,-3.072619438E-3,-5.863189697E-2,7.513482171E-2
5.516309116E0,1.825973392E-2,-1.652534306E-2,7.003974915E-2,7.424332499E-2
5.521300991E0,-1.472046971E-2,-4.896251857E-2,2.261266708E-1,2.318346215E-1
5.526292866E0,-4.793077707E-3,-5.304704607E-2,3.191957474E-1,3.236091591E-1
5.531284741E0,1.408922672E-2,-1.497994363E-2,2.880582809E-1,2.887914096E-1
5.536276616E0,-6.844103336E-4,3.655658662E-2,1.574802399E-1,1.616690397E-1
5.541268491E0,8.562743664E-3,4.017694294E-2,-5.054473877E-4,4.108239039E-2
5.546260366E0,4.637658596E-2,4.903057218E-2,-7.646656036E-2,1.019898014E-1
5.551252241E0,3.664818406E-2,5.367632210E-2,-4.613876343E-3,6.515769183E-2
5.556244116E0,-2.502730489E-2,4.429452121E-2,1.615972519E-1,1.694167714E-1
5.561235991E0,-4.809933901E-2,3.009006381E-2,2.836866379E-1,2.893044536E-1
5.566227866E0,-3.314256668E-2,-2.234661579E-2,2.860603333E-1,2.888396012E-1
5.571219741E0,-3.776788712E-2,-6.990435719E-2,2.077121735E-1,2.223901514E-1
5.576211616E0,-1.897183061E-2,-3.164421022E-2,1.347770691E-1,1.397359823E-1
5.581203491E0,1.861017942E-2,3.483945131E-2,8.619308472E-2,9.481230932E-2
5.586195366E0,4.653736949E-2,5.813369155E-2,6.649780273E-2,9.983591849E-2
5.591187241E0,4.140216112E-2,2.905334532E-2,1.846122742E-2,5.384285224E-2
5.596179116E0,3.191971779E-2,-3.276565671E-2,-7.019042969E-4,4.574876297E-2
5.601170991E0,-1.041489840E-2,-6.532159448E-2,3.251266479E-2,7.370518425E-2
5.606162866E0,9.385198355E-3,-8.785226941E-2,1.271724701E-1,1.548513492E-1
5.611154741E0,-1.872032881E-2,-5.801460147E-2,2.542924881E-1,2.614972547E-1
5.616146616E0,-7.054093480E-2,1.395280659E-2,3.186378479E-1,3.266508570E-1
5.621138491E0,-6.990179420E-2,6.106385589E-2,2.590055466E-1,2.751343826E-1
5.626130366E0,-1.238757372E-2,3.645032644E-2,8.116340637E-2,8.983082330E-2
5.631122241E0,1.141032577E-2,-1.609227061E-2,-7.146263123E-2,7.413544611E-2
5.636114116E0,3.015607595E-2,-2.969153225E-2,-7.087421417E-2,8.254774521E-2
5.641105991E0,3.011524677E-2,-1.886487007E-4,7.689476013E-2,8.258188550E-2
5.646097866E0,-1.225271821E-2,-4.322156310E-3,2.186746597E-1,2.190603044E-1
5.651089741E0,-3.037062287E-2,-3.257513046E-2,2.500638962E-1,2.539989489E-1
5.656081616E0,-5.806714296E-3,-5.140432715E-2,1.624917984E-1,1.705277318E-1
5.661073491E0,1.333969831E-2,-2.269297838E-2,7.091808319E-2,7.564584154E-2
5.666065366E0,8.483588696E-3,5.827412009E-3,8.600234985E-3,1.341245875E-2
5.671057241E0,8.518159389E-3,1.072944701E-2,8.521080017E-3,1.613347071E-2
5.676049116E0,3.255105019E-2,2.044366300E-2,5.591678619E-2,6.785426444E-2
5.681040991E0,1.875713468E-2,3.962379694E-2,1.266479492E-1,1.340208134E-1
5.686032866E0,-1.370984316E-2,7.273526490E-2,1.445531845E-1,1.624007442E-1
5.691024689E0,-2.701631188E-2,5.793288350E-2,1.243276596E-1,1.397979508E-1
5.696016512E0,-2.617105842E-2,2.900688350E-2,8.528423309E-2,9.380684412E-2
5.701008335E0,-3.503698111E-2,2.422043681E-2,7.980823517E-2,9.046310853E-2
5.706000158E0,-5.994230509E-3,4.806628823E-2,1.076192856E-1,1.180178355E-1
5.710991981E0,8.562266827E-3,4.327242076E-2,1.019582748E-1,1.110914246E-1
5.715983804E0,1.354953647E-2,5.336403847E-4,9.159374237E-2,9.259205340E-2
5.720975627E0,1.400429010E-2,-3.704895079E-2,7.655811310E-2,8.619680723E-2
5.725967449E0,4.305052757E-2,-7.416534424E-2,7.113838196E-2,1.114204452E-1
5.730959272E0,4.351705313E-2,-7.773135602E-2,1.179924011E-1,1.478448658E-1
5.735951095E0,1.450598240E-3,-4.808114469E-2,1.739482880E-1,1.804768894E-1
5.740942918E0,-2.596932650E-2,-3.323106468E-2,1.629648209E-1,1.683337233E-1
5.745934741E0,-5.311030149E-2,-5.189725757E-2,9.034442902E-2,1.169450526E-1
5.750926564E0,-3.739154339E-2,-7.515642047E-2,2.782917023E-2,8.843685753E-2
5.755918387E0,-2.195832133E-2,-7.897168398E-3,3.825187683E-3,2.364667430E-2
5.760910210E0,-2.115577459E-2,7.774254680E-2,5.125713348E-2,9.549222018E-2
5.765902033E0,-2.515518665E-2,1.482624114E-1,6.031227112E-2,1.620249860E-1
5.770893856E0,-2.927941084E-2,1.469716579E-1,2.181148529E-2,1.514387434E-1
5.775885679E0,-9.526044130E-3,8.876417577E-2,-5.436134338E-2,1.045226295E-1
5.780877502E0,2.915853262E-2,5.050110817E-2,-7.767963409E-2,9.713242252E-2
5.785869324E0,4.883596301E-2,4.156330228E-2,-1.535224915E-2,6.594051056E-2
5.790861147E0,4.021912813E-2,3.770613670E-2,7.018280029E-2,8.924660481E-2
5.795852970E0,3.218606114E-2,5.652323365E-3,1.407384872E-1,1.444825702E-1
5.800844793E0,1.033675671E-2,-4.523275793E-2,1.679630280E-1,1.742539230E-1
5.805836616E0,1.256823540E-2,-4.821011424E-2,1.759624481E-1,1.828796293E-1
5.810828439E0,-1.381143928E-2,-2.762769163E-2,1.696586609E-1,1.724474019E-1
5.815820262E0,-4.487293959E-2,2.072632313E-3,1.634159088E-1,1.694775376E-1
5.820812085E0,-5.214147270E-2,-6.562724710E-3,1.192464828E-1,1.303131851E-1
5.825803908E0,-4.995535314E-2,-1.987455785E-2,8.969402313E-2,1.045731951E-1
5.830795731E0,-3.379857540E-2,-4.689007998E-3,8.414077759E-2,9.079648092E-2
5.835787554E0,-2.278278768E-2,3.411255777E-2,8.813667297E-2,9.721520012E-2
5.840779377E0,2.128839493E-3,3.455118835E-2,6.361675262E-2,7.242518753E-2
5.845771199E0,7.735669613E-3,6.546780467E-3,4.880046844E-2,4.984161554E-2
5.850763022E0,1.324310899E-2,-6.925716996E-3,3.885650635E-2,4.163140134E-2
5.855754845E0,2.350479364E-2,-3.927992284E-2,4.798793793E-2,6.631915145E-2
5.860746668E0,5.288144946E-2,-2.393110096E-2,1.045246124E-1,1.195597754E-1
5.865738491E0,1.104626060E-2,1.007467508E-2,1.178512573E-1,1.187957819E-1
5.870730314E0,-1.124195755E-2,-3.891617060E-3,8.832931519E-2,8.912684340E-2
5.875722137E0,-9.604021907E-3,-2.713258564E-2,4.955387115E-2,5.730620025E-2
5.880713960E0,1.086172462E-2,-2.638845146E-2,3.959655762E-2,4.880793795E-2
5.885705783E0,4.055184126E-2,-6.502971053E-3,6.296062469E-2,7.517167501E-2
5.890697606E0,8.213579655E-3,1.326711476E-2,1.146221161E-1,1.156793358E-1
5.895689429E0,-9.609535336E-3,1.382686198E-2,1.611051559E-1,1.619827045E-1
5.900681252E0,-1.768149436E-2,-7.265806198E-5,1.644668579E-1,1.654145939E-1
5.905673074E0,-2.100616693E-3,1.443074644E-2,1.678085327E-1,1.684409769E-1
5.910664949E0,1.314505935E-2,1.916003227E-2,1.141490936E-1,1.164899781E-1
5.915656824E0,1.375997066E-2,3.319193423E-2,6.569576263E-2,7.487973370E-2
5.920648699E0,-9.474933147E-3,1.386609674E-2,8.152008057E-3,1.866810735E-2
5.925640574E0,8.244365454E-4,-1.933494210E-2,-4.417133331E-2,4.822474850E-2
5.930632449E0,1.129737496E-2,-1.401428878E-2,-2.484226227E-2,3.067847724E-2
5.935624324E0,1.708841324E-2,1.041230559E-2,3.230571747E-2,3.800117572E-2
5.940616199E0,2.308849990E-2,1.084247231E-2,7.947635651E-2,8.346933136E-2
5.945608074E0,-4.095345736E-3,-7.727473974E-3,7.876586914E-2,7.924990758E-2
5.950599949E0,-1.206068695E-2,-3.094027936E-2,7.331466675E-2,8.048478997E-2
5.955591824E0,-1.521104574E-2,-3.021712601E-2,1.011486053E-1,1.066559468E-1
5.960583699E0,-1.843726635E-2,-1.061901450E-3,1.335029602E-1,1.347742587E-1
5.965575574E0,-2.179150283E-2,2.305018902E-2,1.513471603E-1,1.546355191E-1
5.970567449E0,-2.527379990E-2,2.796861529E-2,1.405553818E-1,1.455225884E-1
5.975559324E0,-5.244016647E-3,2.329862118E-2,9.662151337E-2,9.952910280E-2
5.980551199E0,2.710819244E-4,-9.669557214E-3,5.305385590E-2,5.392852165E-2
5.985543074E0,2.473641932E-2,-2.326798439E-2,3.833770752E-2,5.121590921E-2
5.990534949E0,3.965711594E-2,-8.211582899E-3,5.697917938E-2,6.990524888E-2
5.995526824E0,4.036207497E-2,1.616588235E-2,7.546234131E-2,8.709189287E-2
6.000518699E0,-6.216928363E-3,-2.603143454E-3,6.055068970E-2,6.092464671E-2
6.005510574E0,-1.906368136E-2,-2.121692896E-2,5.051040649E-2,5.800761317E-2
6.010502449E0,-8.114650846E-3,-3.962147236E-2,4.530239105E-2,6.072903149E-2
6.015494324E0,2.148069441E-2,-5.322994292E-2,7.338523865E-2,9.316780725E-2
6.020486199E0,1.253214478E-2,-4.788735509E-2,9.649658203E-2,1.084520344E-1
6.025478074E0,1.300108433E-2,-3.799715638E-2,9.093093872E-2,9.940446521E-2
6.030469949E0,2.291351557E-2,-4.656165838E-3,7.117176056E-2,7.491414137E-2
6.035461824E0,1.849892735E-2,3.305082023E-2,3.733348846E-2,5.318229397E-2
6.040453699E0,1.432600617E-2,5.145196617E-2,-1.047325134E-2,5.442635638E-2
6.045445574E0,3.888688982E-2,6.025332212E-2,-4.839038849E-2,8.651174906E-2
6.050437449E0,3.010600805E-2,7.388624549E-2,-6.700229645E-2,1.041866437E-1
6.055429324E0,7.410347462E-3,6.402640045E-2,-7.122612000E-2,9.605963446E-2
6.060421199E0,-5.185380578E-3,5.455912650E-2,-4.219150543E-2,6.916436645E-2
6.065413074E0,-1.246212423E-2,7.648304105E-3,-1.816558838E-2,2.331929881E-2
6.070404949E0,9.071409702E-3,-2.901244164E-2,3.888607025E-2,4.935725583E-2
6.075396824E0,1.143053174E-2,-2.717153728E-2,1.239509583E-1,1.274079650E-1
6.080388699E0,-1.466795802E-2,-2.534687519E-2,1.608219147E-1,1.634665143E-1
6.085380574E0,-2.145113051E-2,-4.698351026E-3,1.593990326E-1,1.609045590E-1
6.090372449E0,-1.393295825E-2,1.087562740E-2,1.484956741E-1,1.495438793E-1
6.095364324E0,7.613137364E-3,3.086148202E-2,1.044511795E-1,1.091807668E-1
6.100356199E0,5.032345653E-3,7.787033916E-3,4.178810120E-2,4.280429653E-2
6.105348074E0,-2.483427525E-3,-2.464279532E-2,-3.934192657E-2,4.648894450E-2
6.110339949E0,1.370431483E-2,-3.306193650E-2,-8.180522919E-2,8.929163126E-2
6.115331824E0,-2.431752980E-1,3.684675694E-2,-3.039585114E0,3.049519564E0
6.120323699E0,-4.724020660E-1,6.068547964E-1,-6.053850174E0,6.102502633E0
6.125315574E0,4.556939006E-1,5.729727745E-1,-2.362048626E0,2.472898793E0
6.130307449E0,5.552515984E-1,2.767835855E-1,-1.279416084E0,1.421906821E0
6.135299324E0,3.072760701E-1,6.497843564E-2,-1.249847412E-1,3.380265757E-1
6.140291199E0,2.541173100E-1,-2.376997620E-1,1.808241844E0,1.841416670E0
6.145283074E0,8.365997672E-2,-4.427528679E-1,3.441291809E0,3.470665413E0
6.150274949E0,-1.832782477E-1,-5.751861334E-1,4.369429588E0,4.410934700E0
6.155266824E0,-3.555974364E-1,-6.599904299E-1,4.818266869E0,4.876241639E0
6.160258699E0,-3.184382915E-1,-6.391741037E-1,4.405791283E0,4.463288396E0
6.165250574E0,-1.709450781E-1,-4.810800850E-1,3.018296242E0,3.061171748E0
6.170242449E0,-2.509464025E-1,-1.916658878E-1,1.575211525E0,1.606549488E0
6.175234324E0,-3.801252842E-1,2.637467533E-2,4.783058167E-1,6.115286661E-1
6.180226199E0,-3.040737510E-1,8.387544751E-2,-3.063545227E-1,4.397147147E-1
6.185218074E0,4.473987967E-2,1.305842847E-1,-1.056575775E0,1.065554448E0
6.190209897E0,2.269835472E-1,1.810636967E-1,-1.447223663E0,1.476062981E0
6.195201720E0,1.712846458E-1,2.107737064E-1,-1.440491676E0,1.465871841E0
6.200193543E0,1.183883846E-2,1.708353162E-1,-1.228164673E0,1.240045696E0
